4200228,Development,Programming Languages,Javascript Practicals Crash Course,All Levels,PROPER DOT INSTITUTE,38 mins,4.2,4.2,129,35086,F0E1B1903042426107F7,https://img-c.udemycdn.com/course/750x422/4200228_c917_2.jpg,https://www.udemy.com/course/javascript-practicals-crash-course/?couponCode=F0E1B1903042426107F7,2021-11-22 00:33:00+00:00,Learn javascript Concepts With Javascript Practical Demonstrations,<p><strong><em>Learn Javascript Programming Language with practical demonstrations</em></strong></p><ul><li><p>The course is easy-to-follow content that you’ll easily understand and absorb.</p><p>The course starts with the practice of basics, including JavaScript fundamentals, programming, and user interaction.</p><p><br></p><p>The curriculum is going to be very hands-on as we walk you from start to finish to become a professional Javascript developer. We will start from the very beginning by teaching you Javascript basics and programming fundamentals, and then execute into real-life practice and be ready for the real world.</p><p><br></p></li><li><p>While Javascript is complicated for beginners to learn, it is widely used in many web development areas.</p></li><li><p>This course gets you started with an introduction to JavaScript. It assumes that you're new to the language, so it gets you started with basic functionality such as creating functions, creating variables, and calling these lines of code from your standard HTML pages. It talks about events and triggers for custom event handling. It talks about pattern matching, searching for text within a page, flow control and the document object model (DOM). We start off with the basics and move on to more complex functionality such as arrays and objects. We then discuss how to script common elements with JavaScript such as forms and tables. At the very end, we discuss major libraries such as Ajax, which allows you to make asynchronous calls to server-side scripts without reloading the web page in the server.</p></li></ul><ul><li><p>Master the fundamentals of writing Javascript scripts</p></li><li><p>Learn core Javascript scripting elements such as variables and Objects</p></li><li><p>Discover how to work with lists and sequence data</p></li><li><p>Write Javascript functions to facilitate code reuse</p></li><li><p>Use Javascript to read and write files</p></li><li><p>Make their code robust by handling errors and exceptions properly</p></li><li><p>Search text using regular expressions</p></li></ul><ul><li><p>The topics covered in this course are practicals of:</p><p><strong><em>* Javascript Course Contents:</em></strong></p><p><br></p></li><li><p><strong>Javascript Array</strong></p></li><li><p><strong>Javascript Variables</strong></p></li><li><p><strong>Javascript Functions</strong></p></li><li><p><strong>Javascript Objects</strong></p></li><li><p><strong>Javascript Control Statements</strong></p></li><li><p><strong>Javascript Cookies</strong></p></li><li><p><strong>Javascript Loop statements</strong></p></li><li><p><strong>See you inside the course</strong></p></li></ul>,https://mp4-c.udemycdn.com/2021-07-31_05-13-13-1bcf20f782a512f9ae42da4500dd9c9b/2/WebHD_720p.mp4?Expires=1637148827&Signature=YG4GF6sHivRxu3Ea6YCzLV8l7~D-FsQLUUGJkXpXSN6IZKnI4ZWbUxx8CIXOUOO4RMwPizNXJq50fDzTymNT6E9-ZYkJVFXzKBfJdoL2gW2ioEm53LXZZoN8PjAkDIkEivaSeQc6uWMWizi4Gd2UQiVlzKHZ-0GNfwCD4ZYz2YuuuJbQ0K02djQmiRLKV8VbkT32taBjpXgYZB8TMpOchCiFA6sKrf-BOfj6oslHsgCHXHhUUcF1Fiag4-PODfMAB5V2lRxH~4wNV9iHAV6~OBYMTRn5DVYGh4JLJq1mJJqpnyxjEHaAKFH3ELc7ubDE1~TKMtWbsETAYXUa8wCZ8A__&Key-Pair-Id=APKAITJV77WS5ZT7262A
3319370,IT & Software,Operating Systems & Servers,Einstieg in Microsoft Excel - Kurs für Anfänger,Beginner Level,Kristoffer Ditz,3,5 Stunden,4.2,4.2,19,2944,FA7347975E9807C0CC65,https://img-c.udemycdn.com/course/750x422/3319370_4c4f.jpg,https://www.udemy.com/course/einstieg-in-microsoft-excel-kurs-fur-anfanger/?couponCode=FA7347975E9807C0CC65,2021-11-17 09:17:08+00:00,Microsoft Excel 365 / 2016 für Einsteiger: Lernen Sie die Grundlagen, um erfolgreich mit Excel zu arbeiten,<p><strong>Allgemein</strong></p><p>Excel ist das Tabellen-Programm von Microsoft.</p><p>Hier gibt zahlreiche Funktionen, um erfolgreiche Kalkulationen und Diagramme zu erstellen. Die Frage: "Wie funktioniert es"</p><p>Sie werden in diesem Kurs alles vom Start an lernen. Das bedeutet, wenn Sie noch keine Erfahrung haben, werden Sie Schritt für Schritt an die Funktionen von Excel herangeführt. Vom Öffnen der Excel-Mappe, bis zu den ersten Formeln und Diagramm-Erstellung. Mit Übungsaufgaben und einem Quiz können Sie Ihr erworbenes Wissen testen.</p><p><br></p><p>Als Controller und ausgebildeter Trainer habe ich über 100 Excel-Schulungen durchgeführt und kenne die Anforderungen bzw. Herausforderungen der Teilnehmer, auf die ich in diesem Kurs eingehe, so dass Sie am Ende Excel sehr gut anwenden können.</p><p><br></p><p><strong>Inhalt</strong></p><ul><li><p>Grundlagen</p></li><li><p>Benutzeroberfläche</p></li><li><p>Formatierungen: Rahmen, Schriftarten, etc.</p></li><li><p>Die ersten Formeln: Summen, Anteile, Verknüpfungen, Abweichungen</p></li><li><p>Die ersten Diagramme: Kreis- und Balken-Diagramm</p></li><li><p>Seite einrichten und ausdrucken</p></li></ul><p><em>Zusätzlich erhalten Sie die fertigen Excel-Dateien mit den fertigen Lösungen, damit Sie das erlernter Wissen vertiefen können</em></p>,https://mp4-c.udemycdn.com/2020-07-14_19-58-12-8e54baa6bb8b07e7dc1114f736ae1bbf/1/WebHD_720p.mp4?Expires=1637148844&Signature=W8a4R3jor8ekrLzAm5Cu1XqR5rLbcCWwQOrtjO6H5CFDQAzsOQiqCXE~ig5OQXEfUBWUZnY0C6KlhjBVcxEiMzLNRBYDOEGvTni4Qkhd9~h3CP3~QUliJ3oPbaKyDHmh7cFfpu8n4ZBlaSQsErTPMximYy~PYLgg3kT~PzxUFYPrNcTmJuPtv4aIbTlaOT4p2sB87nNpVZl85CBt0koBvlPmA0AGxxi6ZztF5TIv9xxsRG1XlcE3rHsntoPMC-SPOySDHAr5A5I0VIWRoJU4kN0R537HEZL0laTX04UxbGSRFFjc1oXohnKQoi-1VlX1ZKpTesk~HtMj~odWtSh0IQ__&Key-Pair-Id=APKAITJV77WS5ZT7262A
3987782,Finance & Accounting,Accounting & Bookkeeping,Tally Prime Erp +GST 2021 : Certificate Course,All Levels,K.R. Gupta,8.5 hours,4.3,4.3,171,10442,GETFREENOV21,https://img-c.udemycdn.com/course/750x422/3987782_ab59_13.jpg,https://www.udemy.com/course/tallyprimewithgst/?couponCode=GETFREENOV21,2021-11-20 14:34:44+00:00,Latest Tally Prime Erp(Complete Tally with GST Returns reports), E-way Bill, Payroll, TDS, Manufacturing, MIS, GST.....,<p><strong>--**New in Tally Prime Erp with GST **--</strong></p><p>-&gt;Better Control Over Cash Flow</p><p>-&gt;Enhanced Business Efficiency</p><p>-&gt;Tax Compliance Made Easy</p><p><br></p><p>From the Bestseller of Tally Erp9 with GST</p><p>Best Rated for Eway Bill</p><p>Best Rated for GST Returns</p><p><br></p><p>Complete Tally Course from Zero to Hero in Tally Prime Erp with Advance GST Course</p><p><strong>Get Constant Growth in your career/Business with Advance Tally PRIME GST Online Course</strong></p><p><strong>Best Seller Course</strong></p><p><strong>What you’ll learn in this Tally Erp9 Online Training</strong></p><ul><li><p>Accounting of Any Company with GST Independently</p></li><li><p>From Manual Accounting to Advance GST Reports</p></li><li><p>GST Computation &amp; Reports</p></li><li><p>Concept of Payroll</p></li><li><p>Practical Implementation of Payroll in Tally Prime.</p></li><li><p>Payroll Management with PF, ESI, EPF, Statutory Payment</p></li><li><p>Concept of Cost Centers</p></li><li><p>Practical Implementation of Cost Centers</p></li><li><p>Practical Implementation of Cost Categories</p></li><li><p>Understanding of Balance Sheet Manual and in Tally Prime</p></li><li><p>Understanding of Trial Balance in Tally Prime</p></li><li><p>Accounting of Manufacturing Firm</p></li><li><p>Banking</p></li><li><p>Printing</p></li><li><p>Cheque Printing</p></li><li><p>Bank Reconciliation</p></li><li><p>GTA- Goods Transport Agency</p></li><li><p>RCM - Reverse Charge Mechanism</p></li><li><p>Composition Scheme under GST</p></li><li><p>Reviewing GSTR1, GSTR2, GSTR3-B &amp; GSTR4</p></li><li><p>Availing of Input GST Credit</p></li><li><p>Import &amp; Export Entries under GST</p></li><li><p>Sales/Purchase using GST</p></li><li><p>Implementation of GST at Company Level</p></li><li><p>Implementation of GST at Stock Group Level</p></li><li><p>Implementation of GST at Stock Item Level</p></li><li><p>Implementation of GST at Ledger Level</p></li><li><p>E-way Bill</p></li><li><p>Backup &amp; Restore</p></li><li><p>Creating MIS Reports for Managerial Level</p></li><li><p>Collect your Certificate</p><p><br></p></li></ul><p><strong>Are there any course requirements or prerequisites?</strong></p><ul><li><p>Basic Computer Knowledge</p></li></ul><p><strong>Who this course is for:</strong></p><ul><li><p>Non-Accounting background students</p></li><li><p>Anybody wants to become Successful Accountant</p></li><li><p>Business Owners, Career Seekers</p></li><li><p>Who want to learn advanced Accounting with GST in Tally</p></li></ul><p><strong>Note: And if there is anything you don't learn from the course and want to learn, you can always ask the instructor K.R. Gupta for help!</strong></p>,https://mp4-c.udemycdn.com/2021-04-17_09-23-43-05eaf01e0e785388232ab43ae876e4eb/1/WebHD_720p.mp4?Expires=1637148864&Signature=IZ0YlOHUBHouKZJRTAST5G0ExaPBBnhIbgjQir~d5u2RKV5t0jw6Vo3sVS4hmLg0abpZVk3SbZrkEJzKarHyR2Vw6if1yerPbUtNJbUAmFBOL9Vo-swX4~7Aa0BLNPlgej2AZT71UDoLP80~2swL2am1pRpotsS3yWAPyeeW43tAevd-JdLwj6BoWwcnTaQ5nQsBeaJESbR8RNNqtumcDIBhMPIImRAFw8I0-HMwtRAQQ-~hpcR4tl6r3YgoA9qrNo8Wh4KyMGcupZ9hK4tDaRsVtO4uqf87WfeE-8bIdAs6is-XHJ7ve~ec5LAY8cvya8cMlJ5FFI8DgpnlqyWpJg__&Key-Pair-Id=APKAITJV77WS5ZT7262A
4231754,IT & Software,IT Certifications,PSM1™ Practice Tests Professional Scrum Master certification,All Levels,Debajyoti Adhya,,3.8,3.8,27,10964,693845F25B46089CCF47,https://img-c.udemycdn.com/course/750x422/4231754_b4b9.jpg,https://www.udemy.com/course/psm1tm-practice-tests-professional-scrum-master-certification/?couponCode=693845F25B46089CCF47,2021-11-20 02:42:37+00:00,The Complete PSM1™ Practice Test - 160Q - Pass PSM1™ Certification Exam Successfully - Lets Get it Done !,<p>The Professional Scrum Master certification or <strong>PSM1™</strong>&nbsp; is most widely accepted and globally recognized Scrum certification. This certification is provided by<strong> Scrum org </strong>and to pass the exam the candidate need to be aligned with the latest changes in the Scrum Guide. The best way to validate the knowledge is to take practice Exams.</p><p><strong>Exam Details:</strong></p><ul><li><p>Total 80 Questions</p></li><li><p>Exam time 60 Min.</p></li><li><p>Pass at 85%</p></li><li><p>Exam price 150$</p></li></ul><p>This course provides 160 practice test questions, which will help you get ready to pass the <strong>PSM1™</strong>&nbsp;exam. This course is set up to match the latest changes in scrum guide presented in the <strong>PSM1™</strong>&nbsp;exam content outlines published by <strong>Scrum org</strong> on 2021. </p><p>This course provides 160 practice test questions, which will help you get ready to pass the <strong>PSM1™</strong>&nbsp;exam. </p><p>This practice test provides a robust system to help you pass the certification exam in the first time! By using this test questions, you can identify weak areas upfront and then create a strategy for the exam day.</p><p>The course includes 2 practice tests. Take the tests like the actual exam. If you can get more than 85 percent of the answers correct, you're ready to take the certification exam.</p><p><strong>This course is specifically for:</strong></p><p>· People that want to take a scrum certification exam like PSM1 or CSM.</p><p>· People that know the Scrum framework and theory. To learn about scrum you can take this course</p><p><strong>Is there a guarantee to pass ?</strong></p><p>Absolutely yes ! You can enroll now <strong>100% risk-free</strong> because you receive <strong>30 days, unconditional full money-back guarantee </strong>in case you are not satisfied<strong>.</strong></p><p>So, go ahead and click the “<strong>Buy Now</strong>” button right now !</p>,https://mp4-c.udemycdn.com/2021-08-09_16-04-41-cd658872aa6d84ba2b83a3495d7b16fb/2/WebHD_720p.mp4?Expires=1637148894&Signature=TeWhOuDfca67IfWsMrhqrzEJ4awnaFtnSS7oB52ADrQv6HhwXIOEQdFvL~1ut8DxlGzubqq2o3B7~e~MjFfy3IYo46PT-UCaB7hQ8j6EAgUSZUh4Mlkn1gKXiVFIiVjc3lp-EKzHvmYx4kUFiYO2NZOoLPgTtw2oS1kgmME-RWTL4onyueh5LAVEyqn~5BOs6oOZV6LA11HL5BaX6S8Ey-eoyR-Cqr-pID0gefmL7T6vLvC17KI7LeJke~iTJtobNvkdg-a7tSylLD4YQ0D-txeXKX3Rb28ltebW94D9ptUgnmmtCmY5Uotk8NVa0PkNPp1oslAufdDdp3BTQhT75A__&Key-Pair-Id=APKAITJV77WS5ZT7262A
2604580,IT & Software,Other IT & Software,Ultimate Beginner Guide to Streamlabs OBS (OBS),Beginner Level,Nick Nyxson,2 hours,4.6,4.6,241,68330,0E97C7B914A3614DE2BD,https://img-c.udemycdn.com/course/750x422/2604580_c9b0_5.jpg,https://www.udemy.com/course/ultimate-beginner-guide-for-streamlabs-obs/?couponCode=0E97C7B914A3614DE2BD,2021-11-20 03:25:16+00:00,Learn everything you need about livestreaming on Twitch, YouTube, Mixer and more with SLOBS fast and easy,<p>Welcome to <strong>Ultimate Beginner Guide to Streamlabs OBS (OBS)!</strong></p><p>Nick Nyxson here, Your Instructor for this course.</p><p>In this course, you will learn how to start using&nbsp; Streamlabs OBS which is live streaming software made by Streamlabs and is a modified version of Open Broadcaster Software (OBS).</p><p>In this course You Will Learn:</p><ul><li><p><strong>What is SLOBS (Streamlabs OBS);</strong></p></li><li><p><strong>How Streamlabs OBS is any different from OBS Studio;</strong></p></li><li><p><strong>Streamlabs OBS Settings Walkthrough;</strong></p></li><li><p><strong>Streamlabs OBS Sources and Scenes;</strong></p></li><li><p><strong>Steamlabs OBS Tabs;</strong></p></li><li><p><strong>and Much, Much More!</strong></p></li></ul><p>Everything you will learn here will be based on My practice as a video content creator and Streamer and Everything shown step by step as I am performing everything live on video.</p><p>Most importantly this course will continue and grow as time passes and all the upgrades will be available for FREE for every enrolled student.</p><p>And don't forget that Instructor is here for you. For any questions do not hesitate to ask, I will try to answer any of your questions as fast and as detailed as possible.</p><p>Join me in this amazing journey and I hope to see you in class :)</p><p><br></p><p><em>Disclaimer: This course is made for beginners in live streaming, Open Broadcaster Software (OBS), and Streamlabs OBS (SLOBS). </em></p><p><br></p><p><em>Version History:</em></p><ul><li><p><em>Version 1.0 - Initial Release;</em></p></li><li><p><em>Version 1.1 - Added New "Introduction" and "Basics" Sections, New Logo.</em></p></li></ul>,https://mp4-c.udemycdn.com/2019-10-14_11-59-59-51032b59daf1c4974e4d01175672871b/WebHD_720p.mp4?Expires=1637148898&Signature=f25SnWlIFfs0gXSnRM4NMmbyaBQ~dBxgF~a79HFi078h0ZKIDoVa9JjWAa9R1rk6jaLYHW78n-IWXZYVJG7z1D-afuzIuXW-0Hu3xOqkdXnRwAGzqHdsNQS3dw7drtaX4Lyz3vzktnk9s1dSfW6r~Dx6O~YYA2Ca4bwJtU93PgxFqCX3uzc9ReAjVfRH7mElHiBPAYIW2TzliX~bnVVT~DxyFHGYCRjYVq0gzSjyVJP0M-Kd2UoSmUjPfUcMc4OrGxf3h2beINvP6ExcbaKKamgF1AtzzCdsZiPr37deF-APBU3Tx1QzXYMpay4-d2EKjorLpU-GqKh47DDehIdypA__&Key-Pair-Id=APKAITJV77WS5ZT7262A
4178652,Teaching & Academics,Science,Archaische Astronomie 1,Beginner Level,Michael Ferdinand Schnitzer-Trpin,1,5 Stunden,3.7,3.7,3,2024,38284EB421B0F29C3935,https://img-b.udemycdn.com/course/750x422/4178652_da1c_2.jpg?secure=hdPVQJVlRSzFTcW8H--Y5A%3D%3D%2C1637219110,https://www.udemy.com/course/planetenzyklen/?couponCode=38284EB421B0F29C3935,2021-11-21 21:13:31+00:00,Planetenzyklen verstehen,<p>Kennst du dich am Nachthimmel aus?</p><p><br></p><p>In diesem einführenden Kurs zur Archaischen Astronomie beschäftigen wir uns mit den sichtbaren Planeten und deren zyklischen Wiederkehr am Sternenhimmel.</p><p>Du weißt sicher über den Mondzyklus Bescheid. Unser Zeitbegriff "Monat" stammt vom synodischen Mondzyklus.&nbsp; </p><p>Es gibt aber noch weitere 5 sichtbare Planeten, deren Zyklus du mit freiem Auge beobachten kannst: Merkur, Venus, Mars, Jupiter und Saturn. Deren Bewegung lässt sich über den Lauf eines oder mehrere Jahre ohne Hilfsmittel und mit freiem Auge beobachten. Wenn du lernst diese zu beobachten,&nbsp; kannst du dir einen neuen Zeitbegriff schaffen innerhalb dessen du Projekte bzw. Vorhaben realisieren kannst. Zum Beispiel ein MERKURAT a 120 Tage....3 Zyklen pro Jahr.&nbsp; </p><p>Entdecke was bereits die Griechen und Römer über Planetenzyklen wussten.</p><p>Lerne mit freiem Auge festzustellen, ob ein Planet nahe oder fern, sich schnell oder langsam, sich direkt oder rückläufig im Verhältnis zur Erde bewegt.</p><p>Moderne Computersimulationen wie "Solar System Scope" oder "Stellarium" helfen im Online-Kurs um den Lauf der Wanderer aus helio- und auch geozentrischer Perspektive zu begreifen.</p><p>Mit dem Quiz zum Schluss kannst du dein Wissen um Planetenzyklen testen. Dann bist du bereit um dich an den "Big Screen", den Nachthimmel zu Wagen und Planten mit bloßem Auge zu verfolgen.</p><p>Mit meinem Kurs&nbsp; "Astronomie mit Handy Apps" lernst du wie du dich Planeten sofort am Nachthimmel erkennst bzw. bekommst Hinweise wo sie gerade zu finden sind.</p><p>Viel Spaß dabei, wünscht dir</p><p><br></p><p>Michael</p>,https://mp4-c.udemycdn.com/2021-07-13_11-01-10-dbb6e5b16c5220d4c9faeb26bb71672b/1/WebHD_720p.mp4?Expires=1637148910&Signature=igHu6sHFB5oI~Pcgi9lSf86ATqQuyVJ6HiNdvO6sqhurMV8KLMu73c7hLYehRCMIadPdr-~3X4eYFxLUrWDkm0t6H5rAOgO~PA6Q1QRtaHmwSZn5VS6qLZX6Y54icTHnAtEFYQeO-kLiyYzCDF9bM67-8Y9EAByIKWPerWCKhEYzLv2VC0NHFNB2mVufw6VxihX0XQnSMmKuQ8W4Ut5p7~XMnL3le~nh5tFX-cMhVXRxyjiRx-HlZk66FeT29GQgGiGFoJnI9UtmgVsYLt066~QZQVZmB7JceLTGpGrAYeLpuFShNXUCGpvqVdtz~o~TrMMV1AjBBpa83rI-RyY22A__&Key-Pair-Id=APKAITJV77WS5ZT7262A
2230050,Business,Sales,Business Networking for Success and Company Growth: Part 3,All Levels,Scott Paton,1.5 hours,4.8,4.8,37,16773,BNSUAEXPNOV212021,https://img-c.udemycdn.com/course/750x422/2230050_a5d2.jpg,https://www.udemy.com/course/business-networking-for-success-3/?couponCode=BNSUAEXPNOV212021,2021-11-21 17:06:32+00:00,Become A Jedi Master In The Art of Networking,<p>Networking is both a Science and an Art. In this Networking Series, I’m going to cover the science of networking including the different types of networking groups, the different type of networking formats, and what to look for in networking groups. I’m also going to cover the Art of Networking so you can choose the right groups to spend your precious time at, build long-lasting relationships, and maximize your impact in your ever growing sphere of influence.</p><p>This course is for you if</p><ol><li><p>You just got a job or started a business and need to expand your sphere of influence.</p></li><li><p>You’re in a new position that requires you to meet new people in order to get new business.</p></li><li><p>You’re tired of spending all your time going to networking events without getting any results or you’re tired of dealing with people who just want to sell you things.</p></li><li><p>You want to get better at building long-lasting, solid relationships and a long-lasting referral business.</p></li></ol><p>In Part 3, we’re going to cover additional things to look for in Networking Groups.</p>,https://mp4-c.udemycdn.com/2020-04-04_13-45-49-7359b4dacbafb4a6505480886f21d36c/WebHD_720p.mp4?Expires=1637148917&Signature=KUBj~6UjBk0iNxxZIKKgWAiNVcE4-PSU2WFxolOx439imEm-N7SnmEs~pHGYNBQdSE0QxDSmXL1ATLIqFBzEVwvOikUTmH-0Ffa71nOxgNGsnNIeMb6wU07XBDEJAH-C4e9iVIBHN3QDOLTHmfUogZi3XNDT5doJdgLoqjEG3YIblmbUk61zuEAKTWaylBdFA1fVUrkbgmFn0Uy7jBJiflv5hywpPIR73xcVgRGjWSFk9TBMsK5jBsXNGwNAkuy6Ut-UKJCALPojoMZ96m66eX8CJYMySmWTNQbKiZjq~fYRP0h1gGDMn4Rs-f8vEF4Z7x9obw7y9Mk~tH8I20ytHQ__&Key-Pair-Id=APKAITJV77WS5ZT7262A
4225332,Marketing,Social Media Marketing,Utreon Masterclass - Ultimate Guide to YouTube Alternative,All Levels,Nick Nyxson,1 hour,4.5,4.5,27,15894,6135403D2834313CDFDB,https://img-c.udemycdn.com/course/750x422/4225332_8269.jpg,https://www.udemy.com/course/utreon-course/?couponCode=6135403D2834313CDFDB,2021-11-21 03:00:09+00:00,Learn about Content Creation on Utreon - The newest YouTube Alternative,<p>Welcome to <strong>Utreon Masterclass - Ultimate Guide to YouTube Alternative!</strong></p><p>The only course you will need to start with Utreon, one of the best and newest video hosting platforms and YouTube alternatives for aspiring content creators.</p><p>Utreon is a relatively new video hosting platform that allows you to host your channel and content and gain access to large and untapped audiences that is simply impossible to reach nowadays on YouTube. For that reason, Utreon is deemed as one of the best YouTube alternatives today where creators can reach large portions of audiences without inhuman amounts of effort.</p><p>Here you will learn everything you need to know about Utreon, including but not limited to:</p><ul><li><p><strong>Basics &amp; Interface of Utreon;</strong></p></li><li><p><strong>Tools and Features of Utreon;</strong></p></li><li><p><strong>How to Become a Creator on Utreon;</strong></p></li><li><p><strong>Uploading and Scheduling Videos on Utreon;</strong></p></li><li><p><strong>Everything about Content Distribution on Utreon;</strong></p></li><li><p><strong>Video Customisation;</strong></p></li><li><p><strong>Utreon Content Monetisation;</strong></p></li><li><p><strong>Practical tips &amp; Tricks;</strong></p></li><li><p>&amp; Much More...</p></li></ul><p>Everything you will learn here will be based on My practice as a content creator and Utreon creator and Everything shown step by step as I am performing everything live on video.</p><p>Most importantly this course will continue and grow as time passes and all the upgrades will be available for FREE for every enrolled student.</p><p>And don't forget that Instructor is here for you. For any questions do not hesitate to ask.</p><p>Join me in this amazing journey and I hope to see you in class :)</p>,https://mp4-b.udemycdn.com/2021-08-06_10-43-22-89037320c2adbde94fc6ced29ac38ec1/2/WebHD_720p.mp4?secure=Vb9iC5bnZLQHVzxHCI8ExA%3D%3D%2C1637148937
3518698,Development,Programming Languages,Python Demonstrations For Practice Course,Beginner Level,Horizon Tech,5.5 hours,4.3,4.3,368,104275,E7094F8BF30CDD9A5C43,https://img-c.udemycdn.com/course/750x422/3518698_0aff.jpg,https://www.udemy.com/course/python-for-beginners-demonstration-course/?couponCode=E7094F8BF30CDD9A5C43,2021-11-22 01:25:36+00:00,This course is a depth introduction to fundamental python programming concepts by demonstrations in Python programming .,<p><strong><em>Learn Python From Beginner To Advanced Level By Demonstrations</em></strong></p><ul><li><p>The course is created thorough, extensive, but easy to follow content which you’ll easily understand and absorb.</p><p> The course starts with the basics, including Python fundamentals, programming, and user interaction.</p><p><br></p><p>The curriculum is going to be very hands-on as we walk you from start to finish becoming a professional Python developer. We will start from the very beginning by teaching you Python basics and programming fundamentals, and then going into advanced topics and different career fields in Python so you can get real-life practice and be ready for the real world.</p></li></ul><p><br></p><ul><li><p>The topics covered in this course are:</p><p><strong><em>* Beginner to Expert Python contents:</em></strong></p><p><br></p><p><strong>Installing Anaconda</strong></p><p><strong>Python Overview</strong></p><p><strong>Array implementation</strong></p><p><strong>File methods</strong></p><p><strong>Keywords and Identifiers</strong></p><p><strong>Python Tuples</strong></p><p><strong>Python Basics</strong></p><p><strong>Python Fundamentals</strong></p><p><strong>Data Structures</strong></p><p><strong>Object-Oriented Programming with Python</strong></p><p><strong>Functional Programming with Python</strong></p><p><strong>Lambdas</strong></p><p><strong>Decorators</strong></p><p><strong>Generators</strong></p><p><strong>Testing in Python</strong></p><p><strong>Debugging</strong></p><p><strong>Error Handling</strong></p><p><strong>Regular Expressions</strong></p><p><strong>Comprehensions</strong></p><p><strong>Modules</strong></p></li><li><p><strong>See you inside the course!</strong></p></li></ul>,https://mp4-c.udemycdn.com/2020-09-24_06-20-31-23d69cc72fcab1a549e77de44c6eb365/1/WebHD_720p.mp4?Expires=1637148975&Signature=M9qij9jk2F5ZGoKPp2IwtNIdo59xt2M868VCZkpx7u1F1TiUt~YltC4lsxbO87L67p-QoqbvEozI7wSCgIpZva-5Djr2kpEIc1Wp8vd-lSpeXwjSRr5pU9ekw3VkayX7u~HzdW3L1Q9w9g2WPqC3i~uen9sU-RWLHMRrC1wjnmRgSWKGO6NS8Z2kc5WYiL8T-UNYumV0~rxa8Tl9y93MdDd64tfcxBrVbeu~u35qLajMTcgHQf2yysgK1GaZoBDZCFVApfaETipaf1dTQx-~8I-u0jFbOz3YCe9Pp8PmpE64SKXIagR-6H7I~msOcVc7Cia23ByWQHegqdRSE6IVjw__&Key-Pair-Id=APKAITJV77WS5ZT7262A
4233882,IT & Software,IT Certifications,PSPO1™ Practice Tests Scrum Product Owner certification-160Q,All Levels,Debajyoti Adhya,,4.3,4.3,11,6230,CECD954BCCFC22E9B35B,https://img-c.udemycdn.com/course/750x422/4233882_79fb.jpg,https://www.udemy.com/course/pspo1tm-practice-tests-scrum-product-owner-certification-160q/?couponCode=CECD954BCCFC22E9B35B,2021-11-19 11:35:18+00:00,The Complete PSPO1™ Practice Test - 160Q - Pass PSPO1™ Certification Exam Successfully - Lets Get it Done !,<p>The Professional Scrum Product Owner certification or <strong>PSPO1™</strong>&nbsp; is most widely accepted and globally recognized Product Owner Certification. This certification is provided by<strong> Scrum org </strong>and to pass the exam the candidate need to be aligned with the latest changes in the Scrum Guide. The best way to validate the knowledge is to take practice Exams.</p><p><strong>Exam Details:</strong></p><ul><li><p>Total 80 Questions</p></li><li><p>Exam time 60 Min.</p></li><li><p>Pass at 85%</p></li><li><p>Exam price 150$</p></li></ul><p>This course provides 160 practice test questions, which will help you get ready to pass the <strong>PSPO1™</strong>&nbsp;exam. This course is set up to match the latest changes in scrum guide presented in the <strong>PSPO1™</strong>&nbsp;exam content outlines published by <strong>Scrum org</strong> on 2021. </p><p>This course provides 160 practice test questions, which will help you get ready to pass the <strong>PSPO1™</strong>&nbsp;exam. </p><p>This practice test provides a robust system to help you pass the certification exam in the first time! By using this test questions, you can identify weak areas upfront and then create a strategy for the exam day.</p><p>The course includes 2 practice tests. Take the tests like the actual exam. If you can get more than 85 percent of the answers correct, you're ready to take the certification exam.</p><p><strong>This course is specifically for:</strong></p><p>· People that want to take a Product Owner certification exam like PSPO1 or CSPO.</p><p>· People that know the Scrum framework and theory. To learn about scrum you can take this course: </p><p><strong>Is there a guarantee to pass ?</strong></p><p>Absolutely yes ! You can enroll now <strong>100% risk-free</strong> because you receive <strong>30 days, unconditional full money-back guarantee </strong>in case you are not satisfied<strong>.</strong></p><p>So, go ahead and click the “<strong>Buy Now</strong>” button right now !</p>,https://mp4-b.udemycdn.com/2021-08-11_10-24-28-a1d6a760e6b15e468cd287872ab0a912/2/WebHD_720p.mp4?secure=TqCcyTYoeLaUI3biXHP1AQ%3D%3D%2C1637148987
4260672,IT & Software,IT Certifications,CSS Crash Course For Beginners,Beginner Level,PROPER DOT INSTITUTE,1 hour,4.3,4.3,61,23786,029F5E22197DD0D395D0,https://img-c.udemycdn.com/course/750x422/4260672_f402.jpg,https://www.udemy.com/course/css-crash-course-for-beginners-g/?couponCode=029F5E22197DD0D395D0,2021-11-22 00:31:58+00:00,Learn CSS With Practical Demonstrations,<p><strong><em>Learn CSS Crash Course</em></strong></p><ul><li><p>Ever wonder how the latest website designs are made? Cascading Style Sheets (CSS) are the main coding files used to layout a website and its design. CSS 3 is the latest in styling standards, and it brings several new properties and declarations you can use to make your website design more easily created. CSS is currently the only standard in website design that plugs directly into your HTML, even the latest HTML 5 standards. With CSS 3 and HTML 5, you can create the latest interactive pages for your website viewers.</p></li><li><p>This course shows you how to create CSS classes from a beginner's level. It starts off with basic HTML declarations, properties, values, and how to include a CSS style sheet with your HTML code. For those of you who are new to CSS and HTML, we show you step-by-step how to create a CSS file and include it in your HTML code, even if you use a cloud server for your hosting.</p></li><li><p>We show you how to position your elements, layout your elements relative to your documents, and style your HTML using predefined CSS values. We introduce you to the common CSS styling that you'll need when you start off designing your pages. If you want to get to know CSS and website design, this course is meant for you, and it can be used by anyone who hasn't even seen one line of CSS code yet. We focus on the latest CSS 3 and HTML 5 standards, so you get the latest when coding your website pages instead of focusing on older code.</p></li><li><p>There are no prerequisites. Anyone Can join this course. It is recommended though that individual have some basic computer programming knowledge.</p></li><li><p><br></p></li><li><p><strong>Course Topics</strong></p><p><br></p></li><li><p>Introduction to CSS</p></li><li><p>CSS Syntax</p></li><li><p>HTML 5 IN CSS</p></li><li><p>CSS Styling Text</p></li><li><p>CSS Page Backgrounds</p></li><li><p>CSS&nbsp;Animation<br></p></li><li><p><strong>Thank you see you inside the course</strong></p></li></ul>,https://mp4-c.udemycdn.com/2021-08-25_04-06-58-aae1d40a0cb6df4da04b6a2c0c8ab6f6/2/WebHD_720p.mp4?Expires=1637148991&Signature=VM~zJQYn9zgOF7aTEOPOUWeNKG0yZQ02Bvm9gCyT-6m74EMKuU5fAkKtGc9H80w9S6GdZPzGfa9rW0CoK5ftsAWH8AR2j6WLtpCUU6OpkoyJWxf1K7XRCYVTz0jJKWAdPQaoC6LZbNIUF-QQrZy9WkbxeZDbKxddkxlsHNQDeys5~PrxgEH9sx42tEOo~vAD7brMOo2JAw7Pp4nLzguKIRuE0-slDJfK9JcgoKVq5p4ul6NoeGl2qxSH7d4qO3HcYo3Jt5warTQ6mDLowLvlYHZ88DSi~YYofsn5me~Au3b0oir16mHEEcXubO-SxFfLvL2TEYBNgyjQzC2IBzYyVw__&Key-Pair-Id=APKAITJV77WS5ZT7262A
870854,Business,Business Strategy,Design Thinking Guide for Successful Professionals,All Levels,Susmita Dutta,2 hours,3.5,3.5,597,44875,NOV2021FREE2,https://img-c.udemycdn.com/course/750x422/870854_d56b.jpg,https://www.udemy.com/course/design-thinking-for-long-term-business-success/?couponCode=NOV2021FREE2,2021-11-22 04:44:04+00:00,Success Formula for Entrepreneurs, Business Owners and Managers,<p><br></p><p><strong>**Course Updated - Nov 2021**</strong></p><p>Design thinking is the most under studied concept as it has actually been around for a very long time but it is never really been explored to its huge potential for the betterment of the business or organization. Organizations like Apple and Google use the concept of design thinking in their day-to-day customer interface and thus have been able to design full-proof products which only has one outcome “Success”.<br></p><p>In the past, design has most often occurred fairly far downstream in the development process and has focused on making new products aesthetically attractive or enhancing brand perception through smart, evocative advertising. Today, as innovation’s terrain expands to encompass human-cantered processes and services as well as products, companies are asking designers to&nbsp;<em>create</em>&nbsp;ideas rather than to simply dress them
up. </p><p>Everything around you has been designed in an attempt to delight you. And as customers when you are delighted with the product and you are eager to buy it, it doesn’t matter how expensive it is and thus companies/business which are capable of producing such products become the CUSTOMER FAVORITE.&nbsp;</p><p>In this course, you will learn the complete design thinking process and its various components. I&nbsp;have discussed each and every part of the process in detail and with examples and stories to make&nbsp;your understanding concrete. It’s my BOLD promise that the tools and techniques that I have&nbsp;discussed in this course can transform your business and has the potential to give you a huge&nbsp;breakthrough in your professional life.</p><p><br></p>,https://mp4-c.udemycdn.com/2016-06-07_13-38-32-b1deebc449d805892885652fa1c14e71/WebHD_1080.mp4?Expires=1637148998&Signature=kEiP5VV5xKVVwLG~Oe0SqCy8iHQ~8-kmA01FE5dBk2HyaJ2hd7EPln32bwHprPPrYN2LWkB3OO9LxXAnXurNRsWVaj0zXMBpyDe-K-paKeQ6PpQWhUW-Kr3VctZtf5qMH7Dz~Ke7QVG-p0Hn0fylLyCPvLP5Wn8datk6rpqeLF87-OefbIWUY5eDwct5q6DMhpiwulV8TtTC~MbxcR663vw73l7EL3g4DmS2jsrplytrDUI0FYSk1SHUffWbODUgKZ1l-KXaSAVqGJrka~pMlC03OXMTVXxeCBKsCw21UmRQ9L6K6bXvtEDPr8ofbKU5NByUfuYo8H5ku8wYzZLFtA__&Key-Pair-Id=APKAITJV77WS5ZT7262A
3473250,Development,Software Engineering,Introduction to Quantum Computing,Beginner Level,Yassin Marco,2.5 hours,4.1,4.1,344,80309,872EF2B9F8D56BB617B3,https://img-c.udemycdn.com/course/750x422/3473250_4782_2.jpg,https://www.udemy.com/course/introduction-to-quantum-computing/?couponCode=872EF2B9F8D56BB617B3,2021-11-21 23:30:30+00:00,Master Quantum Computing and Understand all the Basics of Quantum Computing in just one course,<p>Understanding what quantum computing is is definitely not an easy task. Indeed, since this is a new science there is a few places where you can find a quality introduction course about this topic. Indeed, usually all the course are either to advanced or simply does not cover properly the topic of quantum computing. But, this course is designed to give you all the basic knowledge about the topic. If you :</p><p>- Are a student and want to learn about new technologies</p><p>- Are interested about this topic but don't know were to find good resources about it</p><p>- Want to know how to work with different tools used for quantum computing</p><p>- Simply curious about the topic and you want to learn more about it</p><p>Then this course is definitely for you and you will love it. Not only you will learn different theoretical concepts that are really useful in quantum computing but you will also use different tools to practice everything that you have learned. Finally, you will not only have an introduction to the topic but also to Microsoft Q the programming language used for quantum computing.</p><p><strong>The structure of the course</strong></p><p>The way this course is designed will help learn all the concepts that you need to be able to understand the basics of Quantum Computing. Indeed, you will at first learn all the basics of mathematics especially linear algebra. Once again, you will not become a specialist in this field but you will at least understand the basic concepts of it that can be useful for your understanding of quantum computing. Then, you will learn what exactly is an algorithm and what is the difference between a quantum algorithm and a classical mathematical algorithm. Also, we are going to cover different quantum algorithms that are also really popular in this field. Finally, you will have an introduction to Microsoft Q. In my opinion this is pretty important to learn because this is the programming language that is used to perform different quantum calculations as well as testing or running different quantum apps. </p><p>Also, it's really important to understand that I created this course on the Principe of learning by practice. This is why even if this course is mostly theoretical, I&nbsp;tried to implement as much practice as possible. This way, when you will have completed this course you will not only be able to understand the basics of what is quantum computing but you will also be able to write basic lines of code and have a basic understanding of different quantum algorithms.</p><p><strong>For who is this course designed</strong></p><p>This course is created for beginners who have no prior knowledge of what is quantum computing and are interested by the topic. Indeed, you don't need to be an expert in any field to take this course, everything that is presented in this course is done very simply to help you understand from scratch everything you need to know about this topic. You will be introduced to different quantum algorithms as well as different mathematical notions that will allow to understand a bit more about this topic. So, if you are a student that wishes to learn more about this topic for educational or professional purposes you will definitely enjoy this course. Also, if you are just someone that find this topic interesting and you want to have a basic introduction to it well this course has everything you need. Not only you will understand Quantum computing in a theoretical way but you will also learn to use it in a more practical way.</p><p><strong>Why should I take this course</strong></p><p>The main reason is that you will be able to understand what exactly is quantum computing and all the concepts linked to it. In other words, you will learn different concepts as well different element that are pretty useful in quantum computing if you want to get more advanced in this field. Also, the course is well structured and made simple this means that you don't necessary need advanced knowledge in many fields to understand it. So, if you are passionate about quantum computing and want to learn more don't wait anymore and join the course. </p><p><strong>There is no risk involved in taking this course</strong></p><p>This course comes with a 100% satisfaction guarantee, this means that if your are not happy with what you have learned, you have <strong>30 days </strong>​to get a complete refund with no questions asked. Also, if there is any concept that you find complicated or you are just not able to understand, you can directly contact me and it will be my pleasure to support you in your learning.</p><p>This means that you can either learn amazing skills that can be very useful in your professional or everyday life or you can simply try the course and if you don't like it for any reason ask for a refund.</p><p><strong>You can't lose with this type of offer !!</strong></p><p><br></p><p><strong>ENROLL NOW and start learning today :)</strong></p>,https://mp4-c.udemycdn.com/2020-09-27_17-05-57-f0144809dff84bdc88ee2ba332094ae3/1/WebHD_720p.mp4?Expires=1637149006&Signature=i9rDWV16bD8IAf4kr7fQhbSE4eNvMkNZYUAjEFUjqrhHDtAqx4vlw5MwCb2LQmsjhc5KvQdnT0fgkM~KfsfibBgOhaTBVrmDWqtusFJNWkkLCryxCt9TyJ4y6oMJKsRQxVbjGhTQScAp4hn1~KBXOvum5yNPWi88PrcLz7ysAmTKOcfrtZGoKaTwAnVzH1vLr3FOZqckQg7vko9FcJA8T1wh5UIUJUQ5VKHyY~GjoKirF7kR-kPo0SfOdIivt~zeXVWsXCtsP5TfAELVZYH3P1LXShcoFw7Bz6o0iRs9L~M~TAuG7sXVkYgMYPkBujWSpS64JsjHmLu8neArcp9nWA__&Key-Pair-Id=APKAITJV77WS5ZT7262A
3105814,Development,Data Science,Python-Introduction to Data Science and Machine learning A-Z,Beginner Level,Yassin Marco,7.5 hours,4.0,4.0,2150,215721,DA8EAA2FBDD0B268C9D6,https://img-c.udemycdn.com/course/750x422/3105814_7810.jpg,https://www.udemy.com/course/python-introduction-to-data-science-and-machine-learning-a-z/?couponCode=DA8EAA2FBDD0B268C9D6,2021-11-21 23:30:17+00:00,Python basics Learn Python for Data Science Python For Machine learning and Python Tips and tricks,<p>Learning how to program in Python is not always easy especially if you want to use it for Data science. Indeed, there are many of different tools that have to be learned to be able to properly use Python for Data science and machine learning and each of those tools is not always easy to learn. But, this course will give all the basics you need no matter for what objective you want to use it so if you :</p><p>- Are a student and want to improve your programming skills and want to learn new utilities on how to use Python</p><p>- Need to learn basics of Data science</p><p>- Have to understand basic Data science tools to improve your career</p><p>- Simply acquire the skills for personal use</p><p>Then you will definitely love this course. Not only you will learn all the tools that are used for Data science but you will also improve your Python knowledge and learn to use those tools to be able to visualize your projects.</p><p><strong>The structure of the course</strong></p><p>This course is structured in a way that you will be able to to learn each tool separately and practice by programming in python directly with the use of those tools. Indeed, you will at first learn all the mathematics that are associated with Data science. This means that you will have a complete introduction to the majority of important statistical formulas and functions that exist. You will also learn how to set up and use Jupyter as well as Pycharm to write your Python code. After, you are going to learn different Python libraries that exist and how to use them properly. Here you will learn tools such as NumPy or SciPy and many others. Finally, you will have an introduction to machine learning and learn how a machine learning algorithm works. All this in just one course.</p><p>Another very interesting thing about this course it contains a lot of practice. Indeed, I build all my course on a concept of learning by practice. In other words, this course contains a lot of practice this way you will be able to be sure that you completely understand each concept by writing the code yourself.</p><p><strong>For who is this course designed</strong></p><p>This course is designed for beginner that are interested to have a basic understand of what exactly Data science is and be able to perform it with python programming language. Since this is an introduction to Data science, you don't have to be a specialist to understand the course. Of course having some basic prior python knowledge could be good but it's not mandatory to be able to understand this course. Also, if you are a student and wish to learn more about Data science or you simply want to improve your python programming skills by learning new tools you will definitely enjoy this course. Finally, this course is for any body that is interested to learn more about Data science and how to properly use python to be able to analyze data with different tools.</p><p><strong>Why should I take this course</strong></p><p>If you want to learn all the basics of Data science and Python this course has all you need. Not only you will have a complete introduction to Data science but you will also be able to practice python programming in the same course. Indeed, this course is created to help you learn new skills as well as improving your current programming skills.</p><p><strong>There is no risk involved in taking this course</strong></p><p>This course comes with a 100% satisfaction guarantee, this means that if your are not happy with what you have learned, you have <strong>30 days </strong>​to get a complete refund with no questions asked. Also, if there is any concept that you find complicated or you are just not able to understand, you can directly contact me and it will be my pleasure to support you in your learning.</p><p>This means that you can either learn amazing skills that can be very useful in your professional or everyday life or you can simply try the course and if you don't like it for any reason ask for a refund.</p><p><strong>You can't lose with this type of offer !!</strong></p><p><br></p><p><strong>ENROLL NOW and start learning today :)</strong></p>,https://mp4-c.udemycdn.com/2020-09-08_16-31-07-340cfb6994dfd1797b661bc4acd78da5/1/WebHD_720p.mp4?Expires=1637149009&Signature=jqTmipu30HZELBlL9gsC9mLzMRfeEXy3kTjbdrXvHVN8WceIwYsR4lR1H7sLZ0QAPP7A~g6pUW5brCr7bH~TY9XsC8dY5tQPb4hdJ5fJVK2pIUmQTJFldqaT-rlnAAtTJAVShAK53xQnEVOzF2JOYSf1md-g3rXVb4QJaIf5rvVI0fU8USMEhjQtiMONWB-rcp7vEjqCwyShg6c2LrC0Cy1yKN39GwKYyOrmufS~xoswY2H2O3gsFCL1m84cZxEdX28VMCM47NCCo1rkmsqaCNP5gecfiWB~Cf~zmQLsr~TRhMTojFwVvy-jduWiFRZuCgkFBbIeEG2n4BDAlZ4cnA__&Key-Pair-Id=APKAITJV77WS5ZT7262A
3499094,Teaching & Academics,Language Learning,Deutsch - Klare Kommunikation  A2-C1,Intermediate Level,Michael Ferdinand Schnitzer-Trpin,1 Stunde,4.7,4.7,59,16033,AA211991E253EF67430E,https://img-c.udemycdn.com/course/750x422/3499094_aabe.jpg,https://www.udemy.com/course/germanclearandheartfull/?couponCode=AA211991E253EF67430E,2021-11-21 21:01:27+00:00,Klare Kommunikation in Beruf und Alltag,<p>Wie kann ich klar kommunizieren, das was mir wichtig ist?</p><p>Wie können Konflikte so angesprochen werden, dass mein Gegenüber bereit ist zu kooperieren?</p><p>Lernen Sie zu formulieren was Sie möchten, anstatt nur zu sagen was sie stört.</p><p>Kann ich mich so ausdrücken, dass das was ich bin, unzweideutig mitgeteilt wird?</p><p><br>Neben dem Erwerb von psychosozialen Kompetenzen für den Beruf und Alltag werden im Kurs<br>hilfreiche Kommunikationsstrukturen, sowie ein differenziertes psychologisches Vokabular erlernt.</p><p><br><strong>Inhalte:</strong></p><ul><li><p>Sprache Verflüssigen</p></li><li><p>Gewaltfreie Kommunikation</p></li><li><p>Die Kunst der guten Frage</p></li></ul><p><br></p>,https://mp4-b.udemycdn.com/2020-09-22_16-34-01-1b08853ede352fa8510f602f47c2c177/1/WebHD_720p.mp4?secure=6aWYMq4c3BsJIAPH3Wtqjg%3D%3D%2C1637149024
3957974,Teaching & Academics,Language Learning,Complete Turkish Course: Learn Turkish for Beginners,Beginner Level,Linguae Learning,18 hours,4.3,4.3,58,8803,C0E291A13298966683EE,https://img-c.udemycdn.com/course/750x422/3957974_27ee_2.jpg,https://www.udemy.com/course/complete-turkish-course-learn-turkish-for-beginners/?couponCode=C0E291A13298966683EE,2021-11-21 16:48:24+00:00,Learn Turkish FAST with this non-stop Turkish speaking course for BEGINNERS: learning Turkish will be easy and fun!,<p>The ultimate Turkish beginner course that will teach you Turkish faster than you thought possible! Perhaps you’ve dreamed of moving or travelling to Turkey and holding your own in real-life situations, being independent and able to communicate with the locals. Perhaps you want to experience the rich culture and sample the delicious local cuisine or do business with local companies. Whatever your reason, this Turkish course for beginners is right for you!</p><p>During our course, <strong>you will learn</strong>:</p><ul><li><p>Lots and lots of vocabulary</p></li><li><p>Useful everyday phrases</p></li><li><p>Basic sentence structures</p></li><li><p>Basic grammar rules most beginner courses don’t teach</p></li></ul><p>After taking this course <strong>you will be able to</strong>:</p><ul><li><p>Greet people and introduce yourself both formally and casually</p></li><li><p>Learn how to count up to 1000</p></li><li><p>Read a restaurant menu</p></li><li><p>Order food and drinks</p></li><li><p>Give and receive directions</p></li><li><p>Describe yourself and other people in both personality and appearance</p></li><li><p>Tell the time</p></li><li><p>Make requests, describe what you want and what you plan to do</p></li><li><p>Express your feelings, your interests and dislikes</p></li><li><p>Navigate multiple types of everyday situations, like shopping</p></li><li><p>Give and receive directions to places you need to go to</p></li></ul><p>This course aims to help you <strong>master the basics of Turkish</strong> and give you a strong base onto which you will be able to build your skills as a Turkish speaker.</p><p><strong>Start your Turkish journey with us today!</strong></p>,https://mp4-b.udemycdn.com/2021-09-26_03-02-19-b4f05c3430252154a8a2c4613da5a2e8/2/WebHD_720p.mp4?secure=8QHW-6pSdDEdBEm4XM0UgQ%3D%3D%2C1637149039
3309274,IT & Software,Operating Systems & Servers,Administración de Windows desde la Consola,All Levels,Jerson Antonio Martínez Moreno,2.5 hours,4.5,4.5,1296,63814,67C788D7AA0B241BF0C1,https://img-b.udemycdn.com/course/750x422/3309274_bdc5_2.jpg?secure=tN0mNPSvPrraMrc_o_n48g%3D%3D%2C1637219248,https://www.udemy.com/course/administracion-de-windows-desde-la-consola/?couponCode=67C788D7AA0B241BF0C1,2021-11-22 01:56:32+00:00,Curso 100% Práctico de Administración de Windows desde la Consola,<p>Curso 100% práctico, ya que incluso dentro de la teoría que se comparte mediante documentos, se explican con prácticas. Trata de mejorar las habilidades Administrativas usando sólo la consola del sistema de Windows, en este caso, CMD. Este curso te promete implementaciones desde un nivel básico hasta avanzado. Un curso al que le he dedicado más de 5 años estudiarlo y condensado en este material.</p>,https://mp4-c.udemycdn.com/2020-07-07_22-44-25-86b5a44ab325f2d063dfd6e8878d34e2/1/WebHD_720p.mp4?Expires=1637149048&Signature=JJXfw-Fe4bXSlckEkk2rJTNWLDmA513e0XN~KeeZ0OYm3cjKTBWXjL-kKIAGXh6MV313tkbcJNdI63a1ITyd5jm73s2KwQYVOU5Zsa8IBo3gJix~r5IqDQnkhN97Pn4jKdGJco9rGhjOruxtNRW9OfcqJt8WYCk0Sl74e5cKGERJ1HKu-0iTfyDOMI-1XFr0eRLHQRjMQeZ8MVXX4ADIMDMZhh-Azg9tWZInpJ1DX1UcQeEpEbCPXjlloz9IttEuQ-ZZGGBUeFlHXyAKwFOOx7mY1ugoPxOCRiolnZrnSFs4V9KKnJ-MrrPKuKR0EwqD0ICGZp1WU9J5LssrbAUCtA__&Key-Pair-Id=APKAITJV77WS5ZT7262A
2432220,Business,Project Management,Project Management Essential Training,All Levels,Mustapha benbihi,2 hours,4.3,4.3,737,76097,PRE-BLACKFRIDAY,https://img-c.udemycdn.com/course/750x422/2432220_d2e5.jpg,https://www.udemy.com/course/project-management-essential-training-1/?couponCode=PRE-BLACKFRIDAY,2021-11-21 15:40:23+00:00,The comprehensive guide for newbies to successfully learn Project Management and easily get the PMP Certification.,<p>Project management is a start-to-finish approach to getting things done and making projects more successful. It's a profession, but it's also a set of techniques that anyone can apply to achieve goals and manage project work more effectively. Project management can be used to guide small, simple projects as well as complex enterprise-wide initiatives.</p><p>In this course you'll be fascinated by how things work and how to make things work better. We will explain the fundamentals of project management, from defining the problem, establishing project goals and objectives, and building a project plan to managing team resources, meeting deadlines, and closing the project. Along the way, we will provide tips for reporting on project performance, keeping a project on track, and gaining customer acceptance.</p><p>Topics include:</p><ul><li><p>Defining the components of a project</p></li><li><p>What it takes to be a project manager</p></li><li><p>Using project management software like Microsoft Project</p></li><li><p>Managing project scope, budget, and schedule</p></li><li><p>Managing project resources, including people</p></li><li><p>Managing project risk</p></li><li><p>Initiating a project</p></li><li><p>Identifying and managing stakeholders</p></li><li><p>Identifying requirements and deliverables</p></li><li><p>Developing a project plan</p></li><li><p>Building a project schedule</p></li><li><p>Assigning resources to tasks</p></li><li><p>Understanding the critical path</p></li><li><p>Running the project</p></li><li><p>Managing teams</p></li><li><p>Monitoring performance</p></li><li><p>Closing a project</p></li></ul>,https://mp4-b.udemycdn.com/2019-06-27_18-27-20-300fe9a560cae35aa1a42ee3bcd9d96d/WebHD_720p.mp4?secure=MuuwZ1lJDg-Pn8XhrWBY7w%3D%3D%2C1637149082
3912180,IT & Software,Network & Security,App android y Sistema para Karaoke en Xamarin Forms,All Levels,Franklin Jhon Bustamante Alejandria,17,5 horas,4.4,4.4,39,18592,4D4EEA307A57708E982C,https://img-c.udemycdn.com/course/750x422/3912180_30fd_3.jpg,https://www.udemy.com/course/app-android-y-sistema-para-karaoke-en-xamarin-forms/?couponCode=4D4EEA307A57708E982C,2021-11-21 13:20:56+00:00,Proyecto funcional y terminado,<p>En este proyecto aprenderas a crear una Aplicacion movil para Karaokes y un Sistema de gestion del mismo.</p><ul><li><p>La aplicacion movil esta desarrollado Xamarin forms usando el lenguaje <strong>C</strong># y patron de software <strong>MVVM</strong></p></li><li><p>El sistema de gestion esta desarrollado en <strong>C# </strong>y base de datos S<strong>QLServer</strong></p></li></ul><p><strong>Los Temas a ver en la aplicacion movil son:</strong></p><ul><li><p>Modulo de pedidos</p></li><li><p>Modulo de introduccion</p></li><li><p>Animacion de degradados</p></li><li><p>Diseños con degradados</p></li><li><p>Listview personalizados</p></li><li><p>Ventanas emergentes personalizados</p></li><li><p>Conexion a SQLServer</p></li><li><p>Creacion de Apk</p></li><li><p>Publicacion de la aplicacion en PlayStore</p></li><li><p>Patron de software MVVM</p></li><li><p>Lector de codigos QR</p></li><li><p>Escaneo de codigo QR para la conexion</p></li><li><p>Pedidos de canciones extras</p></li></ul><p><strong>Los temas a ver en sistema de gestion son:</strong></p><ul><li><p>Modulo de canciones</p></li><li><p>Modulo de pedidos</p></li><li><p>Modulo de mesas</p></li><li><p>Modulo de codigos QR</p></li><li><p>Asistente de instalacion automatizada</p></li><li><p>Creacion de ejecutables portables con base de datos Incluido</p></li><li><p>Diseño de interfaces por codigo</p></li><li><p>Arquitectura de software en 3 capas</p></li><li><p>Conexiones encryptadas a SQLServer</p></li><li><p>Escaneo de codigo QR para la conexion</p></li></ul><p><strong>En el 2021</strong> xamarin esta siendo utilizado para aplicaciones robustas y funcionales. Con este proyecto lograras obtener conocimientos para construir cualquier tipo de App a un alto nivel de calidad.</p><p>Todo este año estaremos creando apps de alto impacto social con Xamarin forms, asi que mas vale que estes preparado para llevarlos a cabo.</p><p><br></p><p>Las apps a desarrollar son:</p><ul><li><p>App para reparto de comida a domicilio - Replica de Glovo</p></li><li><p>App publicitaria para anunciantes de servicios y negocios</p></li><li><p>App de inteligencia artificial combinando Python y Xamarin forms</p></li></ul>,https://mp4-b.udemycdn.com/2021-03-15_09-27-35-b8d9cec8b7555e4a811c1bd95059d7d9/1/WebHD_720p.mp4?secure=pIMMu_GSRdbYzvEXeAmzJQ%3D%3D%2C1637149096
3415190,Business,Other Business,Make Money Online: Mindset Training + Real-Life Examples,All Levels,Roope Kiuttu,1.5 hours,4.2,4.2,289,52261,AD10AC2C25A694272CB2,https://img-c.udemycdn.com/course/750x422/3415190_34e7.jpg,https://www.udemy.com/course/make-money-online-training/?couponCode=AD10AC2C25A694272CB2,2021-11-20 07:58:59+00:00,Learn the Mindset Secrets of the People Who Are Making a LIFE-CHANGING Income Online!,<p><strong>Would you like to have an UNSHAKEABLE CONFIDENCE that you WILL&nbsp;make a life-changing income online?</strong></p><p><strong>I've shown the steps to make money online to 100,000's of people.</strong></p><p>But even though many people know how to make money, very few of them actually take action.</p><p>It's not because they wouldn't know what to do but because they are <strong>AFRAID!</strong></p><p>Most people don't have the right mindset and that's why they don't start even though they know step-by-step how to make money.</p><p>They have all the knowledge and information they need, but something is holding them back.</p><p><strong>What's holding people back is FEAR.</strong></p><p>"What if this doesn't work for me?"</p><p>"What if I don't have any prior experience?"</p><p>"What if I&nbsp;fail?"</p><p>And that's why don't get started OR they simply quit too early before having their breakthrough.</p><p><strong>I created this course to make YOU&nbsp;UNSTOPPABLE with your online business journey.</strong></p><p>You'll learn what ordinary people are doing and thinking in order to go from 0 to making a life-changing income online.</p><p>It's Your Time!</p><p>See you inside the course!</p><p>- Roope "Revealing you the secrets to making a life-changing income online"&nbsp;Kiuttu</p><p><strong>PS. </strong>If you need any help, you can contact me personally on my YouTube channel called "Learn to Make Honest Money Online".</p><p>I read all your comments personally and I do everything that I humanly can to help you to succeed.</p><p><strong>PPS. </strong>Even 1 advice from this course can be worth $1,000's or even $10,000's during your "online business career"...</p><p><strong>Every second that you are procrastinating is holding you back from achieving the next level in your life...</strong></p>,https://mp4-c.udemycdn.com/2020-08-13_02-43-03-4d1ae8f3f046278640d07efa1a82892f/1/WebHD_720p.mp4?Expires=1637149102&Signature=UDqgM8HU~8VqSUrrs9pzzbK-mZs0xVrk2R2WWyarRqA3a-sI52Qpi~B83zrQiOlRMK5fFTH3s6kUKimEi3AyUNUY1lZ03NNhe9FZ-6E1-fcyCPrhGQHPeDMI20NtL0urNBKHlAPPGIwsa4rDZaWg~Fooo8bZMKsV6Y55N9xwkm9aCihAbo4VKcwL9M6xZ6Glal4~gvw7nxVTD~n5AW2wETc-jvjen~Lu9Ioa6xnLczF2GAqqm~iOO2QEbScR-dkIkb6bv2VYEZ9JBkMwQWZSYu9DHsEfkngsoIYhvHiZfoFA6Wiz4XTyvVdVXSz9NmxE4FT-LO6~8t~eJl0fpyUBYQ__&Key-Pair-Id=APKAITJV77WS5ZT7262A
3249134,Business,Communication,Persuasive Writing Ft. Two Forbes Contributors & Copywriters,All Levels,YouAccel Training,5 hours,4.4,4.4,112,38510,YOUACCEL48154,https://img-b.udemycdn.com/course/750x422/3249134_1892_10.jpg?secure=Yag73ujFzUhM8IKMCSNaQg%3D%3D%2C1637219310,https://www.udemy.com/course/persuasive-writing-copywriting/?couponCode=YOUACCEL48154,2021-11-20 03:31:11+00:00,Forbes Contributors Renee Sylvestre-Williams & Matthew Rolnick offer a Comprehensive Guide to Persuasive Copywriting,<p>What has the power to spark revolutions, empower people, express thoughts, emotions, love, hate, and fear, and is only bound by the limits of our imagination? – Words. Words are undoubtedly one of the most powerful tools that mankind possesses. However, mastering the art of articulating thoughts into meaningful written expressions, is no simple undertaking. If done correctly, words can be used as a mechanism of persuasion. Words can be used to further career goals, relationships, business goals, and just about any other facet of life. The focal point of this course is to provide a theoretical and practical guide to the mechanics behind persuasive writing. In other words, writing with a purpose, or intent. One of the most prevalent forms of persuasive writing is found in copywriting. Copywriting is best defined as the usage of written text for the purpose of marketing, sales, or advertising. Well written sales copy, will ultimately persuade a person or group of people to take a particular action.<br><br>This course offers a comprehensive guide to persuasive writing. It also aims to inspire your writing journey and identify your purpose as a writer. We start with a theoretical overview of the characteristics of an exceptional writer, including identifying your core strengths and weaknesses. From there we dive into a practical guide to persuasive writing using a number of industry standard copywriting formulas. The instruction will be led by several hands-on exercises and examples that will help solidify the concepts we explore. <br><br>With this course, you can learn the writing craft with confidence, as several of the modules are authored by self-published author, and freelance writer – <strong><em>Lissette Maduro</em></strong>. Lissette has an extensive background in writing in the health and wellness space, inspired by her experience working as a family physician and medical advisor. She has also made contributions to the Tech and travel writing arena as she enjoys learning about new developments and is an avid traveler. Lissette holds a Doctor of Medicine Degree from the American University of Integrative Sciences. She also has a B.S. in Medical Technology from Oakwood University.<br><br>Another great feature of this course, is that you have an opportunity to gain exclusive insights directly from two Forbes columnists, who participated with YouAccel in a comprehensive Q&amp;A session on content writing and strategy. <br><br><strong><em>The first session is with Renee Sylvestre-Williams of -30- Communications.</em></strong><br><br>Renee is one of the most prolific content strategists in the corporate world, whose client list includes some of the most distinguished brands in North America. This includes Deloitte, American Express, CIBC, Ceridian, Investors’ Group, and MD Financial<br><br>Equally as impressive as her client list, is her aptitude for steering content direction for multinational media conglomerates like Corus Entertainment, and TC Transcontinental. In her role as managing editor, Renee has provided leadership and strategic direction for major television networks and online publications like Slice Canada, Food Network, HGTV, ELLE Canada, Style At Home, and Canadian Living.<br><br>Renee has also been a key contributor for mainstream news publications like Forbes, CBC, The Globe &amp; Mail, Canadian Business, TVO, The Toronto Star, The Toronto Sun, Global News, and Digital Trends.<br><br>As a results-driven strategist, Renee has accumulated over 15 years of experience in the realm of digital marketing and content strategy. Her key areas of specialization include strategy and content development for finance brands, targeted towards Gen Y, and millennials.<br><br><strong><em>The second Q&amp;A is conducted with Matthew Rolnick. Matthew is a Forbes council member, and contributing writer.</em></strong> <br><br>He is also the VP of sales at Yaymaker, and a former Divisional Sales Manager at Groupon. Yaymaker is best known for its in-venue and live virtual events, where they specialize in corporate team building. To date Yaymaker has hosted over 300,000 events, including paint “nites”, game shows, mixology classes, comedians, magicians, cooking classes, ukulele making classes and plant "nites". They also work with celebrities and a wide array of speakers for any topic.</p><p>Matthew loves writing business articles on Linkedin and continues to be published in Forbes where he shares insights on expert panels. His insights on copywriting provide tremendous value to aspiring business writers and journalists looking for guidance or mentorship.<br><br>The impact that words have on us as individuals and as a collective, is indisputable.</p><p>Writing has the power to comfort, heal, motivate and inspire.</p><p>Exceptional writing has resuscitated dying dreams, restored abused hope, rebuilt societies and recharted humanity´s course.</p><p>This course will assist you in stepping up your writing craft to join the ranks of the next generation of wordsmiths that change the world. <br><br>In <strong><em>Persuasive Writing Ft. Two Forbes Contributors &amp; Copywriters</em></strong>:</p><ul><li><p><strong>Theory for Aspiring Writers:</strong></p><ul><li><p>Discover If You’re a Writer</p></li><li><p>What Kind Of Writing Suits Your Personality</p></li><li><p>Perspectives of The Exceptional Writer</p></li><li><p>How To Become An Exceptional Writer</p></li><li><p>Keys to Exceptional Writing</p></li><li><p>Exceptional Writing Deterrents</p></li><li><p>Resources (to improve your writing)<br><br></p></li></ul></li><li><p><strong>Practical Guide to Writing using Proven Copywriting Formulas</strong></p><ul><li><p>20+ Industry Standard Headlining Copywriting Formulas</p></li><li><p>Organizational Copy Formulas</p><ul><li><p>AIDA, PAS, IDCA, ACCA, AIDPPC, AAPPA, 4P'S, QUEST, AICPBSAWN, PASTOR, FACE</p></li></ul></li><li><p>Action Copy Formulas</p><ul><li><p>Including:&nbsp;TPSC, Elements of an Offer, RAD</p></li></ul></li><li><p>Emailing Copy Formulas</p><ul><li><p>Report, Data, How-to, Inquiry, Endorsement, This/That<br><br></p></li></ul></li></ul></li><li><p><strong>Q&amp;A&nbsp;with two seasoned Forbes writers: Renee Sylvestre-Williams &amp; Matthew Rolnick</strong></p><ul><li><p>The Q&amp;A's are centered around content strategy, copywriting, and general tips on career development for aspiring writers. </p></li></ul></li></ul><p><br>With that said, we hope that you’re as excited about this course as we are. If you’re ready to start your journey in becoming a persuasive writer, hit the enroll button and let’s get started!</p><p><br></p>,https://mp4-c.udemycdn.com/2020-09-23_01-22-34-911bcbaae742526b35989fc5b5f6145a/1/WebHD_720p.mp4?Expires=1637149110&Signature=P6VZqJdMeEPmTPwZr8OAaYfDPlTDRiIaVaOvHpvWICKu5c7C3kEQRTHrpoMt~1EijNh2evJZFqxcEwk7GTHtz1gXt7FkbiKdEvV0YjIbUrk~8R2KZC-8hu6ONyD-zKfqiAQp~Uy5SCwYkCx13q0xiGYz3IExpn1HGOk1d4rOh3ngYwKPS7u1JXriKGX8C7KqiQhkREEMqsah~QSk~bvvCTGmFjd-Lw27IKsAbwXak4eKJvHOMWW9qLC7xFkWhaS0BahSIYkfPW3-h9B8Y7fqaJ9JaEfgNb117ORiBD7kRi9gynU8bdAkNBD0lbdKP9jH3OktxKZEYmYV9QIi~P3qGw__&Key-Pair-Id=APKAITJV77WS5ZT7262A
2209776,Business,Sales,Business Networking for Success and Company Growth: Part Two,All Levels,Scott Paton,2.5 hours,4.7,4.7,42,18988,BNFSANOV212021,https://img-c.udemycdn.com/course/750x422/2209776_2885.jpg,https://www.udemy.com/course/business-networking-for-success-2/?couponCode=BNFSANOV212021,2021-11-21 16:41:32+00:00,Become A Jedi Master In The Art of Networking for Successful Sales,<p>Networking is both a Science and an Art. In this Networking Series, I’m going to cover the science of networking including the different types of networking groups, the different type of networking formats, and what to look for in networking groups. I’m also going to cover the Art of Networking so you can choose the right groups to spend your precious time at, build long-lasting relationships, and maximize your impact in your ever growing sphere of influence.</p><p>This course is for you if</p><ol><li><p>You just got a job or started a business and need to expand your sphere of influence.</p></li><li><p>You’re in a new position that requires you to meet new people in order to get new business.</p></li><li><p>You’re tired of spending all your time going to networking events without getting any results or you’re tired of dealing with people who just want to sell you things.</p></li><li><p>You want to get better at building long-lasting, solid relationships and a long-lasting referral business.</p></li></ol><p>In Part 2, we’re going to cover the different Types of Networking Group formats. This is referring to how networking groups run and operate. This will help you understand how to network better within different types of groups or even which groups to avoid (or seek out).</p>,https://mp4-c.udemycdn.com/2020-03-30_15-12-43-72c9dc5a55cbd4c84b892339d1b972d9/WebHD_720p.mp4?Expires=1637149122&Signature=Y6wJulW7gonUqpTLBYbliQ9bh2BDO1Watzuv90txTps1iDkqPb4LVT5NUJDjwuohXKfsKjkLkojjkEjh~vXad1~iWnJuN3SSJsLhdCrW5bduyy6FGut1cSMdZE8tGoNZzozDpxzgCEjkk~JY1BKCp-bd4kLGjK6fy3fCfAB1cDzbmwfhbby8Yn6RGU0ViGBKSqkD6wSuwm4wjsU0smRUh4-ShVmGE9Y2OSLZG1-gdHs-u-RPYN1xN1gJw3tk3T-WOExIl0AKAWLHUlTPMoyE69E8t2ztuFeFQL~lNQyZ9h57QFAr22RVJN-8BtEOHhmTsiIrtSOl5sywrwvZIFRkCA__&Key-Pair-Id=APKAITJV77WS5ZT7262A
2650218,Teaching & Academics,Science,Astronomie mit Handy Apps superleicht!,Beginner Level,Michael Ferdinand Schnitzer-Trpin,38 Min.,3.9,3.9,12,6189,D655F93D415AC0F8CDD6,https://img-c.udemycdn.com/course/750x422/2650218_96ca_2.jpg,https://www.udemy.com/course/astronomie-mit-handy-apps/?couponCode=D655F93D415AC0F8CDD6,2021-11-21 21:06:08+00:00,Mit dem Handy den Nachthimmel erkunden,<p>In diesem Kurs lernst du 5 Apps kennen, die du auf dein Handy/Tablet kostenlos bzw. für wenig Geld laden kannst. Damit kannst du schnell dein Wissen über Astronomie erweitern:</p><p><br></p><p>Du lernst:</p><ol><li><p>Sterne und Planten am Nachthimmel bestimmen</p></li><li><p>Wie sich Planeten im Sonnensystem bewegen</p></li><li><p>Wo bei dir wann die Sonne auf- und untergeht</p></li><li><p>Die Jahreszeit anhand der Sonnenlinie bestimmen</p></li><li><p>Die Sternenkonstellation zu deiner Geburtszeit</p></li><li><p>wie Heilige Stätten ausgerichtet sind</p></li><li><p>in welchen Tierkreiszeichen die Planeten stehen</p></li><li><p>die Umlaufbahn der Planeten in unserem Sonnensystem bestimmen</p></li><li><p><br></p></li><li><p>uvm.</p></li></ol><p>Schlussendlich sollen dich die Apps animieren den Nachthimmel mit bloßem Auge zu selbst zu erkunden und zu bestaunen!</p>,https://mp4-c.udemycdn.com/2019-11-13_15-11-09-ec68fde6157535b15896fca56382808c/WebHD_720p.mp4?Expires=1637149131&Signature=A-2XRTSxm4k4oeLZLWVaaj7djoZ~49sYH0OKlIDlMr3zk-gGWNdKUHUkxRv~NxqJ6g1eMmqxQzv4wHMKwM6mnfj4~zGMh3uLjqJ2Ztetvei4f2N88HPro6RvaVXsK6P1C79u5EfV7DRPATHEJcwDEWBYfzbn0AZbqdezW-LGEufQZ5dRdjhAd03xYvt3bVX0eYAhus7d0nlpNp9BDEgFjlSinYleoaVj-4GS28LfFVQiJ0jnCv3v2GLhjqMhtH~tR9CkBOPSRDJCvB5BEgbdk~XvhuyIBUNWkCKuBy2ZCAMkydLCptaZgzGQL7QozslX1g2C-GmYrau9ezZ61~--kA__&Key-Pair-Id=APKAITJV77WS5ZT7262A
3603092,Design,Graphic Design & Illustration,T-Shirt Design Masterclass In Photoshop | Sell Your T-Shirt,Intermediate Level,Stephen Koel Soren,4 hours,4.6,4.6,166,37577,FREETSHIRTCLASS,https://img-c.udemycdn.com/course/750x422/3603092_eb4c_3.jpg,https://www.udemy.com/course/t-shirt-design-masterclass-in-photoshop-sell-your-t-shirt/?couponCode=FREETSHIRTCLASS,2021-11-17 17:49:31+00:00,Design Stylish TShirt Photoshop With Adobe Photoshop CC and Learn How To Earn Money By T-Shirt Design,<p>In this course you will learn How to create or design your own custom T-Shirt In Photoshop. This course is for Intermediate skill levels, so you will find this course easy to follow if you have basic photoshop knowledge. You will learn how to design a fire fighter tshirt, how to design hero soldier or I’d rather die like a man than live like a coward tagline design, how to design a wanted black and white tshirt, how design a lumberjack tshirt using only with elements. You will have class project for every lessons, so once you will learn a lesson you will have to do class project so than you will have practice during learning.</p><p><strong>What This Course Includes:</strong></p><p>· Free T-Shirt Mock up</p><p>· Complete PSD File</p><p>· Life-Time Access</p><p>· Support From Me</p><p>· Free Design Graphics and Elements</p><p>· New Updates Often</p><p>So once you will complete this course you will be able to design a t-shirt in Adobe Photoshop CC and you will now the sites in where you can sell the design of your t-shirt. Let me clear you one things that once you complete this course you will be able to upload or create gigs on fiverr for selling your tshirt as well as you will learn how to sell tshirt design in teespring. So this tshirt design masterclass is perfect for you if you want to learn t-shirt designing.</p>,https://mp4-c.udemycdn.com/2021-07-04_20-50-27-f5a3ba298ad9ca243614e2d1a29f3ccd/1/WebHD_720p.mp4?Expires=1637149139&Signature=VggffwlgWWfjsj-oLqW5~ReyzKbkzENWjuHqoMbbDsA15CS8NvJ37EN0USK0QoGyvl3mUeb04DWLAzvjWwh~NFnV2GNWw2lxYsLk2DD6fa6sFRV5sWeE9jIwwsvgLLLqj6ok2uy9WDFLm5uO6E~ONNphPYO58Q2alkkFFIl1xVev8RRMDFSHZ8J6GMLTDd9W005NzLh8znA2JuJjPaobS~OYV-cCKfhSCjYw25tgs1mzuSb1aKLf9TeFwK~GVkbsomzzidvtM-ZDriBWXcEhBgoofQdvF0t1AegJAiwwzMf5akhW6ra-J87uYvT~0Jwj0ka8ap-wMtqYuf5gpb8tAg__&Key-Pair-Id=APKAITJV77WS5ZT7262A
2859872,Development,Data Science,Time Series Analysis and Forecasting using Python,All Levels,Start-Tech Academy,13.5 hours,4.4,4.4,931,119253,F2F089,https://img-c.udemycdn.com/course/750x422/2859872_aeeb_2.jpg,https://www.udemy.com/course/machine-learning-time-series-forecasting-in-python/?couponCode=F2F089,2021-11-20 06:32:30+00:00,Learn about time series analysis & forecasting models in Python |Time Data Visualization|AR|MA|ARIMA|Regression| ANN,<p>You're looking for a complete <strong>course on Time Series Forecasting to </strong>drive business decisions involving production schedules, inventory management, manpower planning, and many other parts of the business., right?</p><p><strong>You've found the right Time Series Forecasting and Time Series Analysis course using Python Time Series techniques. </strong>This course<strong> </strong>teaches you everything you need to know about different time series forecasting and time series analysis models and how to implement these models in Python time series.</p><p>After completing this course <strong>you will be able to</strong>:</p><ul><li><p>Implement time series forecasting and time series analysis models such as <strong>AutoRegression, Moving Average, ARIMA, SARIMA </strong>etc.</p></li><li><p>Implement multivariate time series forecasting models based on Linear regression and Neural Networks.</p></li><li><p>Confidently practice, discuss and understand different time series forecasting, time series analysis models and Python time series techniques used by organizations</p></li></ul><p><strong>How will this course help you?</strong></p><p>A <strong>Verifiable Certificate of Completion</strong> is presented to all students who undertake this Time Series Forecasting course on time series analysis and Python time series applications.</p><p>If you are a business manager or an executive, or a student who wants to learn and apply forecasting models in real world problems of business, this course will give you a solid base by teaching you the most popular forecasting models and how to implement it. You will also learn time series forecasting models, time series analysis and Python time series techniques.</p><p><strong>Why should you choose this course?</strong></p><p>We believe in <strong>teaching by example</strong>. This course is no exception. Every Section’s primary focus is to teach you the concepts through how-to examples. Each section has the following components:</p><ul><li><p><strong>Theoretical concepts</strong> and use cases of different forecasting models, time series forecasting and time series analysis</p></li><li><p><strong>Step-by-step instructions</strong> on implement time series forecasting models in Python</p></li><li><p><strong>Downloadable Code files</strong> containing data and solutions used in each lecture on time series forecasting, time series analysis and Python time series techniques</p></li><li><p><strong>Class notes and assignments</strong> to revise and practice the concepts on time series forecasting, time series analysis and Python time series techniques</p></li></ul><p><br></p><p>The practical classes where we create the model for each of these strategies is something which differentiates this course from any other available online course on time series forecasting, time series analysis and Python time series techniques.</p><p>.<strong>What makes us qualified to teach you?</strong></p><ul><li><p>The course is taught by Abhishek and Pukhraj. As managers in Global Analytics Consulting firm, we have helped businesses solve their business problem using Analytics and we have used our experience to include the practical aspects of Marketing and data analytics in this course. They also have an in-depth knowledge on time series forecasting, time series analysis and Python time series techniques.</p></li></ul><p>We are also the creators of some of the most popular online courses - with over 170,000 enrollments and thousands of 5-star reviews like these ones:</p><p><em>This is very good, i love the fact the all explanation given can be understood by a layman - Joshua</em></p><p><em>Thank you Author for this wonderful course. You are the best and this course is worth any price. - Daisy</em></p><p><strong>Our Promise</strong></p><p>Teaching our students is our job and we are committed to it. If you have any questions about the course content, practice sheet or anything related to any topic, you can always post a question in the course or send us a direct message.</p><p><strong>Download Practice files, take Quizzes, and complete Assignments</strong></p><p>With each lecture, there are<strong> class notes</strong> attached for you to follow along. You can also take <strong>quizzes</strong> to check your understanding of concepts on time series forecasting, time series analysis and Python time series techniques.</p><p>Each section contains a <strong>practice assignment</strong> for you to practically implement your learning on time series forecasting, time series analysis and Python time series techniques.</p><p><strong>What is covered in this course?</strong></p><p>Understanding how future sales will change is one of the key information needed by manager to take data driven decisions. In this course, we will deal with time series forecasting, time series analysis and Python time series techniques. We will also explore how one can <strong>use forecasting models to</strong></p><ul><li><p>See patterns in time series data</p></li><li><p>Make forecasts based on models</p></li></ul><p>Let me give you a brief overview of the course</p><ul><li><p><strong>Section 1 - Introduction</strong></p></li></ul><p>In this section we will learn about the course structure and how the concepts on time series forecasting, time series analysis and Python time series techniques will be taught in this course.</p><ul><li><p><strong>Section 2 - Python basics</strong></p></li></ul><p>This section gets you started with Python.</p><p>This section will help you set up the python and Jupyter environment on your system and it'll teach</p><p>you how to perform some basic operations in Python. We will understand the importance of different libraries such as Numpy, Pandas &amp; Seaborn.</p><p>The basics taught in this part will be fundamental in learning time series forecasting, time series analysis and Python time series techniques on later part of this course.</p><ul><li><p><strong>Section 3 - Basics of Time Series Data</strong></p></li></ul><p>In this section, we will discuss about the basics of time series data, application of time series forecasting, and the standard process followed to build a forecasting model, time series forecasting, time series analysis and Python time series techniques.</p><ul><li><p><strong>Section 4 - Pre-processing Time Series Data</strong></p></li></ul><p>In this section, you will learn how to visualize time series, perform feature engineering, do re-sampling of data, and various other tools to analyze and prepare the data for models and execute time series forecasting, time series analysis and implement Python time series techniques.</p><ul><li><p><strong>Section 5 -</strong> <strong>Getting Data Ready for Regression Model</strong></p></li></ul><p>In this section you will learn what actions you need to take a step by step to get the data and then prepare it for the analysis these steps are very important.</p><p>We start with understanding the importance of business knowledge then we will see how to do data exploration. We learn how to do uni-variate analysis and bi-variate analysis then we cover topics like<strong> outlier treatment and missing value imputation.</strong></p><ul><li><p><strong>Section 6 - Forecasting using Regression Model</strong></p></li></ul><p>This section starts with simple linear regression and then covers multiple linear regression.We have covered the basic theory behind each concept without getting too mathematical about it so that you understand where the concept is coming from and how it is important. But even if you don't understand it, it will be okay as long as you learn how to run and interpret the result as taught in the practical lectures.</p><p>We also look at how to quantify models accuracy, what is the meaning of F statistic, how categorical variables in the independent variables dataset are interpreted in the results.</p><ul><li><p><strong>Section 7 - Theoretical Concepts</strong></p></li></ul><p>This part will give you a solid understanding of concepts involved in Neural Networks.</p><p>In this section you will learn about the single cells or Perceptrons and how Perceptrons are stacked to create a network architecture. Once architecture is set, we understand the Gradient descent algorithm to find the minima of a function and learn how this is used to optimize our network model.</p><ul><li><p><strong>Section 8 - Creating Regression and Classification ANN model in Python</strong></p></li></ul><p>In this part you will learn how to create ANN models in Python.</p><p>We will start this section by creating an ANN model using Sequential API to solve a classification problem. We learn how to define network architecture, configure the model and train the model. Then we evaluate the performance of our trained model and use it to predict on new data. We also solve a regression problem in which we try to predict house prices in a location. We will also cover how to create complex ANN architectures using functional API. Lastly we learn how to save and restore models.</p><p>I am pretty confident that the course will give you the necessary knowledge and skills related to time series forecasting, time series analysis and Python time series techniques to immediately see practical benefits in your work place.</p><p><strong>Go ahead and click the enroll button, and I'll see you in lesson 1 of this course on time series forecasting, time series analysis and Python time series techniques!</strong></p><p><strong>Cheers</strong></p><p><strong>Start-Tech Academy</strong></p>,https://mp4-c.udemycdn.com/2020-03-12_13-39-50-cc4bf64c2dea96d9e7c5520dbc5a99dc/WebHD_720p.mp4?Expires=1637149149&Signature=bv0QEAFogTZR-O1UMbH9LWwKNujVBoLdLtHWXH3WfSMjL8fFB1mBhNfYCNG5E8fRO9G3bu1bVZpU8lFepXpmAwP3BVFIGITKfKa4zzxqinx58agAHilLmPf5i3poNjuHsbCvlaYA75DO-OFFglBA8UQ3IpC9d1fnq6nznx6ptA8kwYJmcoLFuhCpzgwNHLCBA3ltkQkeQOPZtMxBTRdShK7ZEJAEN4PAPs7SBoPnaN8caUzbhjnm7DIEX~2~4ymR1O5Yc5TDg8q3dsJJQfCVjXqZG0x0vodd0dilHTsvw~oN9tu~Vjd2IBsTCZHfU9l4IJdEQAKInzcUCFxKqTsVOg__&Key-Pair-Id=APKAITJV77WS5ZT7262A
3942036,Business,Business Law,Einstieg in Arbeitszeugnisse: Entschlüsseln Sie die Codes,All Levels,Kristoffer Ditz,1 Stunde,3.5,3.5,1,604,5D8B84D452793DB97317,https://img-c.udemycdn.com/course/750x422/3942036_1959.jpg,https://www.udemy.com/course/einstieg-in-arbeitszeugnisse-entschlusseln-sie-die-codes/?couponCode=5D8B84D452793DB97317,2021-11-17 09:10:52+00:00,Personalmanagement und Arbeitsrecht: Wie sehen Arbeitszeugnisse aus?,<p><strong>Allgemein</strong></p><p><em>"Der Mitarbeiter war stets bemüht"</em> Wenn dieser Satz im Arbeitszeugnis steht, ist dies von einer Schulnote eine glatte 6.</p><p>Dabei gehört dieser Satz noch zu den leichtesten, was eine Entschlüsselung betrifft. Selbstverständlich gibt es unzählige weitere Formulierungen, die einem Mitarbeiter es für eine weitere Bewerbung schwer machen können.</p><p>Wichtig ist, dass ein Arbeitszeugnis laut Gesetz immer wohlwollend bzw. befriedigend geschrieben werden muss, damit der Mitarbeiter die Chance hat, wieder in die Arbeitswelt eintreten zu können.</p><p>Allerdings gibt es mehrere Möglichkeiten, ein Arbeitszeugnis schlecht aussehen zu lassen. Zum Beispiel dann, wenn einige Informationen im Arbeitszeugnis einfach fehlen, oder mit kleinen Tricks manipuliert wird. So könnte ein Unternehmen einem Mitarbeiter zum Beispiel Schaden zufügen, wenn hinter der Unterschrift des Vorgesetzten noch ein oder zwei Punkte stehen.</p><p><br></p><p>Unabhängig davon kann es natürlich auch sein, dass ein Vorgesetzter das Zeugnis vollkommen unbewusst negativ schreibt. Dies passiert hauptsächlich in kleineren Unternehmen. In diesem Fall sollte der Vorgesetzte darauf aufmerksam gemacht und um eine Änderung gebeten werden.</p><p><br></p><p>In diesem Kurs erfahren Sie, was ein gutes oder auch negative Arbeitszeugnis ausmacht, damit Sie entweder als Personalangestellter keine Fehler machen, oder als Bewerber wissen, worauf es bei einem guten Zeugnis ankommt.</p><p><br></p><p>Als Personalbetriebswirt kenne ich hier die typischen Fälle, die ich Ihnen in diesem Online-Kurs beibringen werde.</p><p><br></p><p><strong>Inhalt</strong></p><ul><li><p>Was gehört ins Arbeitszeugnis?</p></li><li><p>Was gehört nicht ins Arbeitszeugnis?</p></li><li><p>Was muss bei der Unterschrift beachtet werden?</p></li><li><p>Wie sind die Fristen bei Änderungen</p></li><li><p>Was sagt der Austrittsgrund und das Datum aus?</p></li><li><p>Was sind die geheimen Codes für schlechte Arbeitsleistung?</p></li></ul>,https://mp4-c.udemycdn.com/2021-05-24_09-49-28-153245785fe5a53191533c367c11da24/1/WebHD_720p.mp4?Expires=1637149156&Signature=BaUbpG9cIsOy8QjEZ93Fx9IO8TDp2G1eZIT-8FYQHBYNT5XzbLdVYbOy34dbExrmv4S4DLYzEpOn3L8j9c0exl-bAN~7Hn0Lwph14qH3w0k-4ZndfPlRKcwvM3fNQiw~ZVjU3uqjmyOKFQNogRYYxqCXUXGv7BEOrxUVx2j06~hsacq0Dgroz~fkYa3DthgHM9QKOrVLfb~lLBXtk5g5F9CtbD65TDCyx1B3gDJTTTLtmfyf9QmPXELPRnC~N4RroCkTG10HvHbaCY6OY0q0PtoDEhsiJGBThwl7vMLwg8pH8xn8YHWXnl6WSGC5bx8jMRN~ftvRntJHucHqZuDVkg__&Key-Pair-Id=APKAITJV77WS5ZT7262A
3338424,Marketing,Affiliate Marketing,How to Make Money Online for Beginners: Follow PROVEN STEPS!,Beginner Level,Roope Kiuttu,3 hours,4.0,4.0,395,63666,A8C0A498E07EDE2831A7,https://img-b.udemycdn.com/course/750x422/3338424_be0a_7.jpg?secure=Xo5Oht80TFd7ccxSnqQX4g%3D%3D%2C1637219376,https://www.udemy.com/course/make-money-online-for-beginners/?couponCode=A8C0A498E07EDE2831A7,2021-11-21 17:35:58+00:00,Learn How to Make Money Online Starting without ANY Prior Experience!,<p><strong>Your first $1 online is the hardest. The rest will be much easier.</strong></p><p>In this course, you'll learn the steps, mindset and the principles to making money online.</p><p>You're not going to get push buttons to riches but a solid advice from a person who has helped numerous people to make money online.</p><p>While I&nbsp;can't promise you results by law, I&nbsp;can promise to do my best to help you to succeed.</p><p>I've used these steps that I show to you in this course to make over $100,000 online.</p><p>Everything started from the first $1.</p><p>After that everything got easier and easier...</p><p>Roope "Helping ordinary people to make a life-changing income online"&nbsp;Kiuttu</p><p><strong>PS. </strong>If you have any questions, I&nbsp;will be more than happy to help you.</p><p>You can ask me questions there or on my YouTube channel Learn to Make Honest Money Online.</p><p><strong>It's my mission to help ordinary people to make a life-changing income online and I'd love to help YOU&nbsp;as well!</strong></p><p>-</p><p><strong>INCOME DISCLAIMER:&nbsp;This is not a get rich quick program nor do I believe in overnight success. I believe in hard work, integrity and developing your skills if you want to earn more financially. </strong>As stipulated by law, I can not and do not make any guarantees about your ability to get results or earn any money with any of our products or services. The average person who buys any "how-to" information gets little to no results. Any references or examples used within this website are real and documented but are used strictly for example purposes only. Your results will vary and depend on many factors, including but not limited to your background, experience, and work ethic. All business entails risk as well as consistent effort and action.</p>,https://mp4-b.udemycdn.com/2020-08-05_18-42-43-d665507354918fdfb526133d326e545a/1/WebHD_720p.mp4?secure=mXSgB26PIk2ZN2ZIItSWrw%3D%3D%2C1637149176
2230070,Business,Sales,Business Networking for Success and Company Growth: Part 4,All Levels,Scott Paton,2.5 hours,4.6,4.6,8,9530,BNFSCGEXPNOV212021,https://img-c.udemycdn.com/course/750x422/2230070_723b_2.jpg,https://www.udemy.com/course/business-networking-for-success-4/?couponCode=BNFSCGEXPNOV212021,2021-11-21 17:21:23+00:00,Become A Jedi Master In The Art of Networking,<p>Networking is both a Science and an Art. In this Networking Series, I’m going to cover the science of networking including the different types of networking groups, the different type of networking formats, and what to look for in networking groups. I’m also going to cover the Art of Networking so you can choose the right groups to spend your precious time at, build long-lasting relationships, and maximize your impact in your ever growing sphere of influence.</p><p>This course is for you if</p><ol><li><p>You just got a job or started a business and need to expand your sphere of influence.</p></li><li><p>You’re in a new position that requires you to meet new people in order to get new business.</p></li><li><p>You’re tired of spending all your time going to networking events without getting any results or you’re tired of dealing with people who just want to sell you things.</p></li><li><p>You want to get better at building long-lasting, solid relationships and a long-lasting referral business.</p></li></ol><p>In Part 4, we’re going to talk about how you can connect with anyone at networking events.</p>,https://mp4-c.udemycdn.com/2020-04-09_13-51-48-d77e6a1092eec4e2d42644013d8b7df6/WebHD_720p.mp4?Expires=1637149179&Signature=Rrd1ER4y2ELpMel0lYYtCDsbT0Pewm~OHO0emoKo61EDTebQDaSxNjkFiNiHGuc~AMSZqw6tCTJebmeTt9hNQqnOrFMQ4jUPVAnf5dmzNM2arTuyJCR0CNJnJrm~kFU742WFDEa-fgXbp6F6a7JvCNeP4AgMbTkb~8aALgERDmFGxfDcQHCFJjrByKHfqtLEUkNRSHeGkQU1nRqLzqwgUc3QsTprzTQcWaExsd-STPvC-FCM7xwXPTK8MU43GKOAFktOzOAbFGwcK-lFOYOYo8KNz55qufEenkwDKSVa5Cqm44J38IVR80TYvkmkyrob1badSqGfGPo9sgRLANn-XA__&Key-Pair-Id=APKAITJV77WS5ZT7262A
3353858,Marketing,Digital Marketing,Learn 6 SIMPLE Steps to Make Money on TikTok App!,All Levels,Roope Kiuttu,1 hour,4.1,4.1,59,18588,FDACEC6B5E957F49B05B,https://img-b.udemycdn.com/course/750x422/3353858_0c9c_7.jpg?secure=vao4tuKirJA2QIyZwBg4Aw%3D%3D%2C1637219401,https://www.udemy.com/course/make-money-on-tiktok/?couponCode=FDACEC6B5E957F49B05B,2021-11-21 14:38:21+00:00,Learn SIMPLE SECRETS to Make Money Using Just Your Phone + TikTok App!,<p><strong>How would you feel like when making $10,000's just by using your smartphone?</strong></p><p>Benefits of Making Money on TikTok App:</p><ul><li><p>You can do this worldwide!</p></li><li><p>You can make money for 100% FREE!</p></li><li><p>TikTok is the most downloaded app in the world right now!</p></li><li><p>Steps are really SIMPLE!</p></li><li><p>The earning potential is HUGE!</p></li></ul><p>--</p><p>While I&nbsp;can't guarantee you any money&nbsp;(by law)&nbsp;but let me tell you a short story from my own life...</p><p>There are 3 stages:</p><p><strong>1) First Touch with TikTok App</strong></p><p>In 2019, I&nbsp;heard about TikTok for the first time...</p><p>Some of my friends who are making money online started testing that app.</p><p>My first thoughts were like, "Hey guys... Aren't you just wasting your time? Why not to stay focused and use other proven ways to make money online?"</p><p><strong>2) They Started Getting Surprising Results!</strong></p><p>One person reported his results and said, "This&nbsp;TikTok is even much better than I expected!"</p><p>Then another person... "Wow! I wish I&nbsp;would have known earlier about TikTok! It has made me already +$10,000!"</p><p>And another person... "They're right!&nbsp;TikTok has a HUGE&nbsp;potential for making money online!"</p><p>After seeing 5-10 having similar TikTok, I simply couldn't pass this opportunity.</p><p><strong>3) I&nbsp;Got Started on TikTok!</strong></p><p>When I&nbsp;published my first "serious video"&nbsp;on TikTok, I wasn't expecting a lot...</p><p>I&nbsp;thought that maybe I'll get some views but nothing huge.</p><p>But guess what!</p><p><strong>My first "serious&nbsp;TikTok video" got over 141,000 VIEWS!</strong></p><p>And it was just 9 or 11 seconds short! People have watched that video for 556 hours already! <strong>That is more than 23 days in total! </strong></p><p>Can you imagine?</p><p>I&nbsp;was completely astonished!</p><p>My reaction was exactly the same as other people who started making money using this platform,&nbsp;"I&nbsp;wish I would have found TikTok earlier!"</p><p>Now I&nbsp;have made money on TikTok already quite a while and it has been so much fun!&nbsp;But it hasn't only been fun... It has also generated me a nice income!</p><p>Now I share the secrets that I and my friends have been using to generate even $10,000's on TikTok.</p><p>Fasten your seat belts...</p><p>It's Your Time!</p><p>- Roope "Showing you simple steps to making money on TikTok"&nbsp;Kiuttu</p><p><strong>PS. </strong>It's my mission to help YOU to make a LIFE-CHANGING INCOME online!</p><p>If you need any help, you can contact me personally on my YouTube channel called "Learn to Make Honest Money Online".</p><p>I read all your comments personally and I do everything that I humanly can to help you to succeed.</p><p><strong>See you in the videos!</strong></p><p><strong>PPS.</strong> This opportunity with TikTok may not last for long... If you act now, you can still jump in the opportunity but every second that you delay may cost you more. Act now before it's too late.</p>,https://mp4-c.udemycdn.com/2020-07-30_16-18-54-1eff43115e8541ba98e74a44192bd460/1/WebHD_720p.mp4?Expires=1637149201&Signature=l6F0Q~Lkp~EN66BXR8o~bEH-vwrNzM1AVOzihJ47m4gB6AEsX2mkCeDfEvX2z5VaTXsKocY-OaqUU7SXsDK1T41uKcmOY85Bbc6-suMCP-LldK7YTjKDefdeiweeeQRsCHzueaGxR31HDroIp7-txM3qP-5g3nWI26FSYnwa9iiBpKJH~zDhH0sTwZaRbgAievCEj9icmBFp8RDa6TaML-~hAKXElfqvtJzh~akuyWCvB4NzlhRiKwB19FvDsveBossyL11p4tsotDterr7LHrtl6qctvJoKNT-F1kUVYocTKvitSycCJtdWcUHABqbsDxAORlOYNcaqFlqbJO-Ypw__&Key-Pair-Id=APKAITJV77WS5ZT7262A
1698012,Teaching & Academics,Language Learning,Business Englisch für Anfänger-Sicher im täglichen Gebrauch,Beginner Level,Loretta Huether,4 Stunden,4.3,4.3,285,5394,F0203C7EE34BFC248EE7,https://img-c.udemycdn.com/course/750x422/1698012_4f4f_4.jpg,https://www.udemy.com/course/business-english-fur-anfanger-taglichen-gebrauche-im-buro/?couponCode=F0203C7EE34BFC248EE7,2021-12-17 19:42:05+00:00,Nützliche Englische Vokabeln und Redewendungen für Arbeit, Beruf und Bewerbung.,<p>Finden Sie es manchmal <strong>schwierig, mit Ihren Kollegen auf Englisch zu kommunizieren?</strong> <br>Werden Sie <strong>nervös</strong>, wenn andere Menschen Sie auf Englisch ansprechen? <br>Haben Sie Schwierigkeiten<strong> E-Mails auf Englisch </strong>zu lesen und zu schreiben? <br>Haben Sie <strong>Angst, wenn Sie ans Telefon gehen</strong> oder einen Anruf tätigen müssen?</p><p>Sie stehen mit diesen Problemen und Ängsten nicht alleine da, denn viele Menschen haben mit dem Englisch am Arbeitsplatz zu kämpfen. Zum einen ist man in der Regel schon <strong>lange aus der Schule raus, und hat vieles vergessen.<br></strong>Zum anderen lernt man in der Schule normalerweise kein Geschäftsenglisch.</p><p>Deshalb habe ich einen <strong>speziellen Kurs</strong> entwickelt, der Ihnen hilft, ein gutes Niveau von <strong>Englisch im Beruf </strong>zu erreichen. Die wichtigsten grammatikalischen Kenntnisse werden wieder aufgefrischt, bzw. neu vermittelt und <strong>besonderer Schwerpunkt wird auf Vokabeln und Ausdrücke</strong> gelegt, die im Berufsleben häufig vorkommen.</p><p>So wird beispielsweise geübt, wie man<strong> an einem</strong> <strong>Meeting teilnimmt</strong>, <strong>eine Präsentation hält</strong>, <strong>am Telefon spricht</strong>, <strong>Fragen im Bewerbungsgespräche beantworten </strong>und<strong> formale Briefe und E-Mails schreibt.</strong></p><p>Im Laufe des Kurses wird zudem Ihre Aussprache verbessert und Ihre Kommunikation flüssiger und sicherer.</p><p>Dieser Kurs richtet sich an<strong> deutsche Berufstätige oder Einsteiger</strong>, die in der Schule Englisch gelernt haben und müssen jetzt ihre Kenntnisse in Geschäftsenglisch verbessern.</p><p><br></p>,https://mp4-c.udemycdn.com/2018-10-18_18-24-41-f7287f3041418d19db4f2b83ae91a948/WebHD_720p.mp4?Expires=1637149204&Signature=O7ya5vBq78qMbPBoSrffxP2v4QkT4w4ogmdPuPvJI9cV944K5Zez~qZdjbO8BlsWU1LDJSA6XEfAYn9P8JoIXPgU1NCuklyZEwH0oVLMNcqva0BByRX3M1rdkvbsjJF59fnBAKXcdh4l5GhuZ2WB68iYG-ffuEKHdx4z-X-1i2SBcG0~CSmKyniVmXld-k9oRHEVJDrnds-J5UsA2Xb6RWrM2n~b2tKqQJQUSRm8JuDwjG5F9N4e-GUIiMmoxe7e3V2v13ctfZkIDTeHV9Nzx0zeZdb6FkrGjHPr1QW28Fs4lOzUhrpqP44Xa6HJaQmACzGFqWO~xI-ruN-1TcraKw__&Key-Pair-Id=APKAITJV77WS5ZT7262A
3417826,Finance & Accounting,Other Finance & Accounting,Learn 27 Ways to Make Money Online with Your Smartphone!,All Levels,Roope Kiuttu,3 hours,3.5,3.5,666,71378,215223548DF655F81E3B,https://img-c.udemycdn.com/course/750x422/3417826_b765_4.jpg,https://www.udemy.com/course/make-money-with-your-smartphone/?couponCode=215223548DF655F81E3B,2021-11-19 17:30:28+00:00,Learn PROVEN Ways to Make Money with Your Smartphone. Even 1 Strategy Will Pay Your Course Price Back!,<p><strong>Would you like to make money online with your smartphone?&nbsp;</strong></p><p><strong>Do you wanna see real money-making apps that pay in 2021?</strong></p><p>Then this course is PERFECT FOR YOU!</p><p>I&nbsp;created this course because every single day people ask me for the best way to get paid just by using their smartphones.</p><p><strong>Learn just 1 strategy and you'll earn your course price back.&nbsp;The rest will be pure profits for you!</strong></p><p>Over the course of years, I've helped 1,000's of ordinary people to start their 'Make Money Online' journeys and you'll be the next one.</p><p>More than 310,000 individuals have taken my courses on Udemy. </p><p><strong>Get started with the course and pick your strategy to start making with your phone.</strong></p><p>You're gonna enjoy this. It's fun and profitable at the same time!</p><p>I'll see you inside!</p><p>-&nbsp;Roope "Sharing the blessing of making money online"&nbsp;Kiuttu</p><p><strong>PS. </strong>If you need any help, you can contact me personally on my YouTube channel called "Learn to Make Honest Money Online".</p><p>I read all your comments personally and I do everything that I humanly can to help you to succeed.</p><p><strong>PPS. I&nbsp;am constantly adding new lessons to the course to make it even more helpful for you.</strong></p><p>Your satisfaction is the best reward.&nbsp;</p><p>It gives me the most joy when YOU&nbsp;succeed.</p><p>It's Your Time!</p>,https://mp4-c.udemycdn.com/2020-08-13_23-51-41-eeb35c222bebf50d26d096e914e1d08a/1/WebHD_720p.mp4?Expires=1637149213&Signature=KxYYR~hWaz~zKmolBoxYWe9sHELjn5RlbKfTJ8fLlq0HAdW8CFv3uwxmk-rqZHvs9AaBikQPbN6Zznb02n6v-WndpwtnfVPlyM9tv9G9JQLo~h0HEa4pe4BEiFkVrsmmMQFl~~MQMNIpGPAmwv-YRIohU4QXUqHOKGKHTYC1kWwnY4-KMRDtLe~4n~g~pQCSHSufJ0jWNIzVpuSZ49MTTcHKcw9uqHJXGS~d4LTcBIm6iMII~8RiTp1J2lg1qoIOrECgSrS316AnQcrzbhXqDCYrSLAmRcbBca7wm0qw93qQmSG9NNmZ8o2v5Py43eaNXpOnIQqE2TdcWdfbUu9POg__&Key-Pair-Id=APKAITJV77WS5ZT7262A
